Rank,Master Customer Name,Master Customer Name Canonical,IsMerge,MergeGroupSize,Search Query,Suggested Industrial Group,Suggested Industry Detail,Suggested Support Category,Suggested NAICS,Suggested Method,Suggested Confidence,Suggested Company Website,Example Original Names,Source 1 Title,Source 1 URL,Source 2 Title,Source 2 URL,Source 3 Title,Source 3 URL,Notes
1,Morning Pointe,MORNING POINTE,TRUE,14,Morning Pointe Morning Pointe,Unknown / Needs Review,,,,Unclassified,Low,,Morning Pointe | Morning Pointe - Franklin | Morning Pointe - Lantern,,,,,,,HTTP Error 403: Forbidden
2,Perfection Services,PERFECTION SERVICES,TRUE,8,"Perfection Services Perfection Service, Cincinnati",Unknown / Needs Review,,,,Unclassified,Low,,"Perfection Service, Cincinnati | Perfection Service, Louisville | Perfection Services Columbus",,,,,,,HTTP Error 403: Forbidden
3,Dhl,DHL,TRUE,8,Dhl company,Commercial Services,Commercial services,,,AI-Assisted Search,Medium,https://www.dhl.com,Dhl Cvg | Dhl Express | Dhl Express Inc,Wikidata: Dhl,https://www.wikidata.org/wiki/Q489815,Official website,https://www.dhl.com,,,HTTP Error 403: Forbidden
4,Chickfila,CHICKFILA,TRUE,8,Chickfila Chick-Fil-A,Unknown / Needs Review,,,,Unclassified,Low,,Chick-Fil-A | Chick-Fil-A Blue Ash | Chick-Fil-A Bridgewater Falls,,,,,,,HTTP Error 403: Forbidden
5,Harper Auto,HARPER AUTO,TRUE,6,Harper Auto Harper,Unknown / Needs Review,,,,Unclassified,Low,,Harper | Harper Acura | Harper Green House,,,,,,,HTTP Error 403: Forbidden
6,Trane,TRANE,TRUE,5,Trane company,Commercial Services,HVAC / building systems,,,AI-Assisted Search,Medium,https://www.trane.com/,Trane | Trane - La Crosse Claims Dept | Trane Company,Wikidata: Trane,https://www.wikidata.org/wiki/Q2448723,Official website,https://www.trane.com/,,,HTTP Error 403: Forbidden
7,Southern Tennesee Regional,SOUTHERN TENNESEE REGIONAL,TRUE,4,Southern Tennesee Regional South Tn Regional Pulaski C/O Jones Lang Lasalle Americas Inc,Unknown / Needs Review,,,,Unclassified,Low,,South Tn Regional Pulaski C/O Jones Lang Lasalle Americas Inc | South Tn Regional Sewanee C/O Jones Lang Lasalle Americas Inc,,,,,,,HTTP Error 403: Forbidden
8,Bgr,BGR,TRUE,4,Bgr company,Unknown / Needs Review,,,,Unclassified,Low,,Bgr | Bgr Inc | Bgr Packaging,Wikidata: Bgr,https://www.wikidata.org/wiki/Q4969105,,,,,
9,Ugn,UGN,TRUE,3,Ugn company,Unknown / Needs Review,,,,Unclassified,Low,http://www.ugny.mairie54.fr,Ugn | Ugn Inc | Ugn Inc.,Wikidata: Ugn,https://www.wikidata.org/wiki/Q226419,Official website,http://www.ugny.mairie54.fr,,,
10,Point Blank Range and Gunshop,POINT BLANK RANGE AND GUNSHOP,TRUE,3,Point Blank Range and Gunshop Point Blank Range & Gun Shop,Unknown / Needs Review,,,,Unclassified,Low,,Point Blank Range & Gun Shop | Point Blank Range & Gunshop,,,,,,,
11,Olive Garden,OLIVE GARDEN,TRUE,3,Olive Garden Olive Garden,Commercial Services,Hospitality,Hospitality,,AI-Assisted Search,Medium,http://www.olivegarden.com,Olive Garden,Wikidata: Olive Garden,https://www.wikidata.org/wiki/Q3045312,Official website,http://www.olivegarden.com,,,
12,Newly Weds Foods,NEWLY WEDS FOODS,TRUE,3,Newly Weds Foods Newly Weds Foods,Unknown / Needs Review,,,,Unclassified,Low,,"Newly Weds Foods | Newly Weds Foods, Inc",Wikidata: Newly Weds Foods,https://www.wikidata.org/wiki/Q132074229,,,,,
13,I3 Investors,I3 INVESTORS,TRUE,3,I3 Investors I3 Investors,Unknown / Needs Review,,,,Unclassified,Low,,I3 Investors | I3 Investors Llc,,,,,,,
14,Holrob Schaffler Partnership,HOLROB SCHAFFLER PARTNERSHIP,TRUE,3,Holrob Schaffler Partnership Holrob - Schaffler Partnership C/O Premier Property Management L,Unknown / Needs Review,,,,Unclassified,Low,,Holrob - Schaffler Partnership C/O Premier Property Management L | Holrob - Schaffler Partnership I C/O Premier Property Management | Holrob - Schaffler Partnership Vi C/O Premier Property Managemen,,,,,,,
15,Enzo Building and Design,ENZO BUILDING AND DESIGN,TRUE,3,Enzo Building and Design Enzo Building & Design,Unknown / Needs Review,,,,Unclassified,Low,,"Enzo Building & Design | Enzo Building & Design, Llc | Enzo Building And Design",,,,,,,
16,Cb Richard Ellis,CB RICHARD ELLIS,TRUE,3,Cb Richard Ellis Cb Richard Ellis,Unknown / Needs Review,,,,Unclassified,Low,https://www.cbre.com,"Cb Richard Ellis | Cb Richard Ellis, Inc.",Wikidata: Cb Richard Ellis,https://www.wikidata.org/wiki/Q1023013,Official website,https://www.cbre.com,,,
17,Alpha Technologies Services,ALPHA TECHNOLOGIES SERVICES,TRUE,3,Alpha Technologies Services Alpha Technologies Services Inc,Unknown / Needs Review,,,,Unclassified,Low,,Alpha Technologies Services Inc,,,,,,,
18,Wesley Village,WESLEY VILLAGE,TRUE,2,Wesley Village Wesley Village,Unknown / Needs Review,,,,Unclassified,Low,,Wesley Village,Wikidata: Wesley Village,https://www.wikidata.org/wiki/Q16923860,,,,,
19,Usui International,USUI INTERNATIONAL,TRUE,2,Usui International Usui International,Unknown / Needs Review,,,,Unclassified,Low,,"Usui International | Usui International, Corp",,,,,,,
20,Unifirst,UNIFIRST,TRUE,2,Unifirst Unifirst Corporation,Unknown / Needs Review,,,,Unclassified,Low,,Unifirst Corporation,Wikidata: Unifirst,https://www.wikidata.org/wiki/Q114507765,,,,,
21,Tipton Interest,TIPTON INTEREST,TRUE,2,Tipton Interest Tipton Interest Inc,Unknown / Needs Review,,,,Unclassified,Low,,Tipton Interest Inc | Tipton Interests,,,,,,,
22,Thyssenkrupp Bilstein,THYSSENKRUPP BILSTEIN,TRUE,2,Thyssenkrupp Bilstein Thyssenkrupp Bilstein,Unknown / Needs Review,,,,Unclassified,Low,http://www.bilstein.de/,Thyssenkrupp Bilstein | Thyssenkrupp Bilstein Of America,Wikidata: Thyssenkrupp Bilstein,https://www.wikidata.org/wiki/Q863348,Official website,http://www.bilstein.de/,,,
23,Tgt Transportation,TGT TRANSPORTATION,TRUE,2,Tgt Transportation Tgt Transportation,Unknown / Needs Review,,,,Unclassified,Low,,Tgt Transportation,,,,,,,
24,Shoot Point Blank,SHOOT POINT BLANK,TRUE,2,Shoot Point Blank Shoot Point Blank,Unknown / Needs Review,,,,Unclassified,Low,,Shoot Point Blank,,,,,,,
25,Service Wholesale,SERVICE WHOLESALE,TRUE,2,Service Wholesale Service Wholesale Inc.,Unknown / Needs Review,,,,Unclassified,Low,,"Service Wholesale Inc. | Service Wholesale, Inc",,,,,,,
26,Schaad Companies,SCHAAD COMPANIES,TRUE,2,"Schaad Companies Schaad Commercial Investments, Sci",Unknown / Needs Review,,,,Unclassified,Low,,"Schaad Commercial Investments, Sci | Schaad Companies",,,,,,,
27,Satco,SATCO,TRUE,2,Satco company,Unknown / Needs Review,,,,Unclassified,Low,,Satco,Wikidata: Satco,https://www.wikidata.org/wiki/Q110891855,,,,,
28,Ryans All Glass,RYANS ALL GLASS,TRUE,2,Ryans All Glass Ryan'S All Glass,Unknown / Needs Review,,,,Unclassified,Low,,Ryan'S All Glass,,,,,,,HTTP Error 403: Forbidden
29,Regency,REGENCY,TRUE,2,Regency Regency,Unknown / Needs Review,,,,Unclassified,Low,,Regency | The Regency,Wikidata: Regency,https://www.wikidata.org/wiki/Q173843,,,,,HTTP Error 403: Forbidden
30,Pratt Industries,PRATT INDUSTRIES,TRUE,2,Pratt Industries Pratt Industries,Unknown / Needs Review,,,,Unclassified,Low,,Pratt Industries,,,,,,,HTTP Error 403: Forbidden
31,Pnk Ohio Dba Belterra Park,PNK OHIO DBA BELTERRA PARK,TRUE,2,Pnk Ohio Dba Belterra Park Pnk Ohio Dba Belterra Park,Unknown / Needs Review,,,,Unclassified,Low,,Pnk Ohio Dba Belterra Park,,,,,,,HTTP Error 403: Forbidden
32,Perfection Group,PERFECTION GROUP,TRUE,2,Perfection Group Perfection Group,Unknown / Needs Review,,,,Unclassified,Low,,Perfection Group,,,,,,,HTTP Error 403: Forbidden
33,Peaslee Neighborhood Center,PEASLEE NEIGHBORHOOD CENTER,TRUE,2,Peaslee Neighborhood Center Peaslee Neighborhood Center,Unknown / Needs Review,,,,Unclassified,Low,,Peaslee Neighborhood Center,,,,,,,HTTP Error 403: Forbidden
34,Paris Independent Schools,PARIS INDEPENDENT SCHOOLS,TRUE,2,Paris Independent Schools Paris Independent Schools,Unknown / Needs Review,,,,Unclassified,Low,,Paris Independent Schools,,,,,,,HTTP Error 403: Forbidden
35,On Display,ON DISPLAY,TRUE,2,On Display On Display Ltd,Unknown / Needs Review,,,,Unclassified,Low,,On Display Ltd,Wikidata: On Display,https://www.wikidata.org/wiki/Q64529738,,,,,
36,Ohio Valley Chapter Abc,OHIO VALLEY CHAPTER ABC,TRUE,2,Ohio Valley Chapter Abc Ohio Valley Chapter Abc,Unknown / Needs Review,,,,Unclassified,Low,,Ohio Valley Chapter Abc,,,,,,,
37,New Riff Distilling,NEW RIFF DISTILLING,TRUE,2,New Riff Distilling New Riff Distilling,Unknown / Needs Review,,,,Unclassified,Low,,New Riff Distilling,,,,,,,
38,Millers Textile Services,MILLERS TEXTILE SERVICES,TRUE,2,Millers Textile Services Miller'S Textile Services,Unknown / Needs Review,,,,Unclassified,Low,,Miller'S Textile Services,,,,,,,
39,Mazak,MAZAK,TRUE,2,Mazak company,Unknown / Needs Review,,,,Unclassified,Low,,Mazak | Mazak Corporation,Wikidata: Mazak,https://www.wikidata.org/wiki/Q36859001,,,,,
40,Kenco Logistics,KENCO LOGISTICS,TRUE,2,Kenco Logistics Kenco Logistics,Commercial Services,Commercial services,,,Unclassified,Low,,Kenco Logistics,,,,,,,
41,Kajima Building and Design Group,KAJIMA BUILDING AND DESIGN GROUP,TRUE,2,"Kajima Building and Design Group Kajima Building & Design Group, Inc",Unknown / Needs Review,,,,Unclassified,Low,,"Kajima Building & Design Group, Inc | Kajima Building & Design Group, Inc.",,,,,,,
42,Jm Smucker,JM SMUCKER,TRUE,2,Jm Smucker J.M. Smucker Company,Unknown / Needs Review,,,,Unclassified,Low,,"J.M. Smucker Company | Jm Smucker Company, Llc",,,,,,,
43,Intralot,INTRALOT,TRUE,2,"Intralot Intralot, Inc.",Unknown / Needs Review,,,,Unclassified,Low,http://www.intralot.com,"Intralot, Inc.",Wikidata: Intralot,https://www.wikidata.org/wiki/Q16987270,Official website,http://www.intralot.com,,,
44,Ingersoll-Rand,INGERSOLL-RAND,TRUE,2,Ingersoll-Rand Ingersoll Rand,Manufacturing,Manufacturing,,,AI-Assisted Search,Medium,http://www.ingersollrand.com,Ingersoll Rand | Ingersoll-Rand Customer Center,Wikidata: Ingersoll-Rand,https://www.wikidata.org/wiki/Q1663044,Official website,http://www.ingersollrand.com,,,
45,Hh Parkside,HH PARKSIDE,TRUE,2,Hh Parkside Hh Parkside Llc,Unknown / Needs Review,,,,Unclassified,Low,,Hh Parkside Llc | Hhb Parkside Llc,,,,,,,
46,Henry Schein,HENRY SCHEIN,TRUE,2,Henry Schein Henry Schein Inc,Unknown / Needs Review,,,,Unclassified,Low,http://www.henryschein.com,"Henry Schein Inc | Henry Schein, Inc.",Wikidata: Henry Schein,https://www.wikidata.org/wiki/Q905086,Official website,http://www.henryschein.com,,,
47,Hamilton Safe,HAMILTON SAFE,TRUE,2,Hamilton Safe Hamilton Safe,Unknown / Needs Review,,,,Unclassified,Low,,Hamilton Safe,,,,,,,
48,Gf Frank and Sons,GF FRANK AND SONS,TRUE,2,Gf Frank and Sons Gf Frank & Sons,Unknown / Needs Review,,,,Unclassified,Low,,Gf Frank & Sons | Gf Frank & Sons Inc.,,,,,,,
49,General Polymers,GENERAL POLYMERS,TRUE,2,General Polymers General Polymers,Unknown / Needs Review,,,,Unclassified,Low,,General Polymers,,,,,,,
50,Frontier a Citizens Communications,FRONTIER A CITIZENS COMMUNICATIONS,TRUE,2,Frontier a Citizens Communications Frontier A Citizens Communications Company,Unknown / Needs Review,,,,Unclassified,Low,,"Frontier A Citizens Communications Company | Frontier, A Citizens Communications Company",,,,,,,
51,Freeman Schwabe,FREEMAN SCHWABE,TRUE,2,Freeman Schwabe Freeman Schwabe,Unknown / Needs Review,,,,Unclassified,Low,,Freeman Schwabe,,,,,,,
52,Flint Group,FLINT GROUP,TRUE,2,Flint Group Flint Group,Manufacturing,Manufacturing,,,AI-Assisted Search,Medium,http://www.flintgrp.com,Flint Group,Wikidata: Flint Group,https://www.wikidata.org/wiki/Q5459507,Official website,http://www.flintgrp.com,,,
53,Feintool Cincinnati,FEINTOOL CINCINNATI,TRUE,2,Feintool Cincinnati Feintool Cincinnati Inc.,Commercial Services,Hospitality,Hospitality,,Unclassified,Low,,Feintool Cincinnati Inc.,,,,,,,
54,Evans Energy,EVANS ENERGY,TRUE,2,Evans Energy Evans Energy,Unknown / Needs Review,,,,Unclassified,Low,,Evans Energy | Evans Energy Llc,,,,,,,
55,Equity Group Four,EQUITY GROUP FOUR,TRUE,2,"Equity Group Four Equity Group Four, Llc",Unknown / Needs Review,,,,Unclassified,Low,,"Equity Group Four, Llc | The Equity Group Four",,,,,,,
56,Equitrans Midstream,EQUITRANS MIDSTREAM,TRUE,2,Equitrans Midstream Equitrans Midstream,Unknown / Needs Review,,,,Unclassified,Low,,Equitrans Midstream | Equitrans Midstream Corporation,Wikidata: Equitrans Midstream,https://www.wikidata.org/wiki/Q111948614,,,,,
57,Endress and Hauser,ENDRESS AND HAUSER,TRUE,2,"Endress and Hauser Endress & Hauser, Inc.",Unknown / Needs Review,,,,Unclassified,Low,,"Endress & Hauser, Inc. | Endress + Hauser",,,,,,,
58,Eby Brown,EBY BROWN,TRUE,2,Eby Brown Eby Brown,Unknown / Needs Review,,,,Unclassified,Low,http://www.eby-brown.com,Eby Brown,Wikidata: Eby Brown,https://www.wikidata.org/wiki/Q5332132,Official website,http://www.eby-brown.com,,,
59,Deaconess Memorial,DEACONESS MEMORIAL,TRUE,2,Deaconess Memorial Deaconess Long Term Care Of Oh,Unknown / Needs Review,,,,Unclassified,Low,,Deaconess Long Term Care Of Oh | Deaconess Memorial Medical Center,,,,,,,
60,Crocs,CROCS,TRUE,2,Crocs company,Unknown / Needs Review,,,,Unclassified,Low,https://www.crocs.com/,Crocs | Crocs Inc,Wikidata: Crocs,https://www.wikidata.org/wiki/Q125007648,Official website,https://www.crocs.com/,,,
61,City Link Center,CITY LINK CENTER,TRUE,2,City Link Center City Link Center,Unknown / Needs Review,,,,Unclassified,Low,,City Link Center,,,,,,,
62,Cincinnati Milacron,CINCINNATI MILACRON,TRUE,2,Cincinnati Milacron Cincinnati Milacron,Commercial Services,Hospitality,Hospitality,,AI-Assisted Search,Medium,,Cincinnati Milacron,Wikidata: Cincinnati Milacron,https://www.wikidata.org/wiki/Q107103099,,,,,
63,Cincinnati Belting and Transmission,CINCINNATI BELTING AND TRANSMISSION,TRUE,2,Cincinnati Belting and Transmission Cincinnati Belting & Transmission,Commercial Services,Hospitality,Hospitality,,Unclassified,Low,,Cincinnati Belting & Transmission,,,,,,,
64,Christie Cookie,CHRISTIE COOKIE,TRUE,2,Christie Cookie Christie Cookie Co,Unknown / Needs Review,,,,Unclassified,Low,,Christie Cookie Co | Christie Cookie Co.,,,,,,,
65,Charter Communications,CHARTER COMMUNICATIONS,TRUE,2,Charter Communications Charter Communications,Unknown / Needs Review,,,,Unclassified,Low,,Charter Communications,Wikidata: Charter Communications,https://www.wikidata.org/wiki/Q16910938,,,,,
66,Cer Services,CER SERVICES,TRUE,2,Cer Services Cer Services,Unknown / Needs Review,,,,Unclassified,Low,,Cer Services | Cer Services Inc.,,,,,,,
67,Cablemaster,CABLEMASTER,TRUE,2,Cablemaster Cablemaster,Unknown / Needs Review,,,,Unclassified,Low,,"Cablemaster | Cablemaster, Inc.",,,,,,,
68,Bway,BWAY,TRUE,2,Bway company,Unknown / Needs Review,,,,Unclassified,Low,,Bway Corporation,Wikidata: Bway,https://www.wikidata.org/wiki/Q32562547,,,,,
69,Bunzl,BUNZL,TRUE,2,Bunzl company,Unknown / Needs Review,,,,Unclassified,Low,https://www.bunzl.com/,Bunzl,Wikidata: Bunzl,https://www.wikidata.org/wiki/Q872718,Official website,https://www.bunzl.com/,,,
70,Bonitz,BONITZ,TRUE,2,Bonitz Bonitz,Unknown / Needs Review,,,,Unclassified,Low,,Bonitz,Wikidata: Bonitz,https://www.wikidata.org/wiki/Q23609334,,,,,
71,Bgis US Re Regions,BGIS US RE REGIONS,TRUE,2,Bgis US Re Regions Bgis Us Llc Re: Regions,Unknown / Needs Review,,,,Unclassified,Low,,Bgis Us Llc Re: Regions,,,,,,,HTTP Error 403: Forbidden
72,Beacon Ortohopaedics,BEACON ORTOHOPAEDICS,TRUE,2,"Beacon Ortohopaedics Beacon Orthopaedics Facilities, Llc",Unknown / Needs Review,,,,Unclassified,Low,,"Beacon Orthopaedics Facilities, Llc | Beacon Orthopedics & Sports Medicine",,,,,,,HTTP Error 403: Forbidden
73,Avi Foodsystems,AVI FOODSYSTEMS,TRUE,2,Avi Foodsystems Avi Foodsystems Inc,Unknown / Needs Review,,,,Unclassified,Low,,"Avi Foodsystems Inc | Avi Foodsystems, Inc.",,,,,,,HTTP Error 403: Forbidden
74,Austin Landing North,AUSTIN LANDING NORTH,TRUE,2,Austin Landing North Austin Landing North Llc,Unknown / Needs Review,,,,Unclassified,Low,,"Austin Landing North Llc | Austin Landing North, Llc",,,,,,,HTTP Error 403: Forbidden
75,Atlas Air,ATLAS AIR,TRUE,2,Atlas Air Atlas Air Inc,Unknown / Needs Review,,,,Unclassified,Low,https://www.atlasair.com,"Atlas Air Inc | Atlas Air, Inc",Wikidata: Atlas Air,https://www.wikidata.org/wiki/Q757135,Official website,https://www.atlasair.com,,,HTTP Error 403: Forbidden
76,Arrow Wine and Spirits,ARROW WINE AND SPIRITS,TRUE,2,Arrow Wine and Spirits Arrow Wine & Spirits,Unknown / Needs Review,,,,Unclassified,Low,,Arrow Wine & Spirits | Arrow Wine And Spirits Mason,,,,,,,HTTP Error 403: Forbidden
77,Ancra Cargo,ANCRA CARGO,TRUE,2,Ancra Cargo Ancra Cargo,Unknown / Needs Review,,,,Unclassified,Low,,Ancra Cargo,,,,,,,HTTP Error 403: Forbidden
78,Amerimed,AMERIMED,TRUE,2,Amerimed Amerimed,Unknown / Needs Review,,,,Unclassified,Low,,Amerimed,,,,,,,HTTP Error 403: Forbidden
79,Alt and Witzig Engineering,ALT AND WITZIG ENGINEERING,TRUE,2,Alt and Witzig Engineering Alt & Witzig Engineering,Unknown / Needs Review,,,,Unclassified,Low,,Alt & Witzig Engineering,,,,,,,
80,Allied Supply,ALLIED SUPPLY,TRUE,2,Allied Supply Allied Supply,Unknown / Needs Review,,,,Unclassified,Low,,Allied Supply | Allied Supply Company,Wikidata: Allied Supply,https://www.wikidata.org/wiki/Q114288122,,,,,
81,Accenture LLP,ACCENTURE LLP,TRUE,2,Accenture LLP Accenture Llp,Unknown / Needs Review,,,,Unclassified,Low,,Accenture Llp,,,,,,,
82,Zimmer Chysler Jeep Dodge,ZIMMER CHYSLER JEEP DODGE,FALSE,1,Zimmer Chysler Jeep Dodge Zimmer Chysler Jeep Dodge,Unknown / Needs Review,,,,Unclassified,Low,,Zimmer Chysler Jeep Dodge,,,,,,,
83,Zf Steering Systems,ZF STEERING SYSTEMS,FALSE,1,"Zf Steering Systems Zf Steering Systems, Llc",Unknown / Needs Review,,,,Unclassified,Low,,"Zf Steering Systems, Llc",,,,,,,
84,Zf North America,ZF NORTH AMERICA,FALSE,1,"Zf North America Zf North America, Inc.",Unknown / Needs Review,,,,Unclassified,Low,,"Zf North America, Inc.",,,,,,,
85,Zf Boge Elastmetall,ZF BOGE ELASTMETALL,FALSE,1,Zf Boge Elastmetall Zf Boge Elastmetall,Unknown / Needs Review,,,,Unclassified,Low,,Zf Boge Elastmetall,,,,,,,
86,Zamias Services,ZAMIAS SERVICES,FALSE,1,Zamias Services Zamias Services Inc,Commercial Real Estate,Commercial real estate,,,AI-Assisted Search,Medium,,Zamias Services Inc,Wikidata: Zamias Services,https://www.wikidata.org/wiki/Q65070148,,,,,
87,Yusa,YUSA,FALSE,1,Yusa company,Unknown / Needs Review,,,,Unclassified,Low,,Yusa Corporation,Wikidata: Yusa,https://www.wikidata.org/wiki/Q113437126,,,,,
88,Ysk,YSK,FALSE,1,Ysk company,Unknown / Needs Review,,,,Unclassified,Low,http://www.yokohamasakae.jp/,Ysk Corp,Wikidata: Ysk,https://www.wikidata.org/wiki/Q11543199,Official website,http://www.yokohamasakae.jp/,,,
89,Ymca of Harrison County,YMCA OF HARRISON COUNTY,FALSE,1,Ymca of Harrison County Ymca Of Harrison County,Municipal / Local Government,Government entity,,,Unclassified,Low,,Ymca Of Harrison County,,,,,,,
90,Ymca of Greater Cincinnati,YMCA OF GREATER CINCINNATI,FALSE,1,Ymca of Greater Cincinnati Ymca Of Greater Cincinnati,Commercial Services,Hospitality,Hospitality,,AI-Assisted Search,Medium,https://myy.org/,Ymca Of Greater Cincinnati,Wikidata: Ymca of Greater Cincinnati,https://www.wikidata.org/wiki/Q117750631,Official website,https://myy.org/,,,
91,Ymca,YMCA,FALSE,1,Ymca company,Unknown / Needs Review,,,,Unclassified,Low,,Ymca,Wikidata: Ymca,https://www.wikidata.org/wiki/Q68078474,,,,,
92,Ykk Ap,YKK AP,FALSE,1,Ykk Ap Ykk Ap,Unknown / Needs Review,,,,Unclassified,Low,http://www.ykkap.co.jp/,Ykk Ap,Wikidata: Ykk Ap,https://www.wikidata.org/wiki/Q11255064,Official website,http://www.ykkap.co.jp/,,,
93,Yh America,YH AMERICA,FALSE,1,Yh America Yh America Inc.,Unknown / Needs Review,,,,Unclassified,Low,,Yh America Inc.,,,,,,,
94,Yee Haw Brewing,YEE HAW BREWING,FALSE,1,Yee Haw Brewing Yee Haw Brewing,Unknown / Needs Review,,,,Unclassified,Low,,Yee Haw Brewing,,,,,,,
95,Yapp USA Automotive Systems,YAPP USA AUTOMOTIVE SYSTEMS,FALSE,1,Yapp USA Automotive Systems Yapp Usa Automotive Systems Inc,Unknown / Needs Review,,,,Unclassified,Low,,Yapp Usa Automotive Systems Inc,,,,,,,
96,Yanfeng Global Automotive Interiors,YANFENG GLOBAL AUTOMOTIVE INTERIORS,FALSE,1,Yanfeng Global Automotive Interiors Yanfeng Global Automotive Interiors,Unknown / Needs Review,,,,Unclassified,Low,,Yanfeng Global Automotive Interiors,,,,,,,
97,Yamota West,YAMOTA WEST,FALSE,1,Yamota West Yamota West,Unknown / Needs Review,,,,Unclassified,Low,,Yamota West,,,,,,,
98,Xtralease,XTRALEASE,FALSE,1,Xtralease Xtralease,Unknown / Needs Review,,,,Unclassified,Low,,Xtralease,,,,,,,
99,Xetron,XETRON,FALSE,1,Xetron Xetron,Unknown / Needs Review,,,,Unclassified,Low,http://meetngc.com/xetron/,Xetron,Wikidata: Xetron,https://www.wikidata.org/wiki/Q30621831,Official website,http://meetngc.com/xetron/,,,
100,Xenia Community Schools Business Office,XENIA COMMUNITY SCHOOLS BUSINESS OFFICE,FALSE,1,Xenia Community Schools Business Office Xenia Community Schools Business Office,Unknown / Needs Review,,,,Unclassified,Low,,Xenia Community Schools Business Office,,,,,,,
101,Wvlt Tv Channel 8,WVLT TV CHANNEL 8,FALSE,1,Wvlt Tv Channel 8 Wvlt Tv Channel 8,Unknown / Needs Review,,,,Unclassified,Low,,Wvlt Tv Channel 8,,,,,,,
102,Wsaz,WSAZ,FALSE,1,Wsaz company,Unknown / Needs Review,,,,Unclassified,Low,http://www.wsaz.com/,Wsaz,Wikidata: Wsaz,https://www.wikidata.org/wiki/Q7955485,Official website,http://www.wsaz.com/,,,
103,Wp General Partnership 9DBA Western Plaza OR Shops at Western P,WP GENERAL PARTNERSHIP 9DBA WESTERN PLAZA OR SHOPS AT WESTERN P,FALSE,1,"Wp General Partnership 9DBA Western Plaza OR Shops at Western P Wp General Partnership 9Dba Western Plaza, Or Shops At Western P",Unknown / Needs Review,,,,Unclassified,Low,,"Wp General Partnership 9Dba Western Plaza, Or Shops At Western P",,,,,,,
104,Worldsource Integration,WORLDSOURCE INTEGRATION,FALSE,1,Worldsource Integration Worldsource Integration,Unknown / Needs Review,,,,Unclassified,Low,,Worldsource Integration,,,,,,,
105,Wooster Motor Ways,WOOSTER MOTOR WAYS,FALSE,1,Wooster Motor Ways Wooster Motor Ways,Unknown / Needs Review,,,,Unclassified,Low,,Wooster Motor Ways,,,,,,,
106,Woodlawn Rubber,WOODLAWN RUBBER,FALSE,1,Woodlawn Rubber Woodlawn Rubber Company,Unknown / Needs Review,,,,Unclassified,Low,,Woodlawn Rubber Company,,,,,,,
107,Woodgrain Door Shop,WOODGRAIN DOOR SHOP,FALSE,1,Woodgrain Door Shop Woodgrain Door Shop,Unknown / Needs Review,,,,Unclassified,Low,,Woodgrain Door Shop,,,,,,,
108,Woodcraft Supply,WOODCRAFT SUPPLY,FALSE,1,Woodcraft Supply Woodcraft Supply Corp.,Commercial Services,Retail,Retail,,AI-Assisted Search,Medium,https://www.woodcraft.com/,Woodcraft Supply Corp.,Wikidata: Woodcraft Supply,https://www.wikidata.org/wiki/Q22026341,Official website,https://www.woodcraft.com/,,,
109,Wonton Food Tennessee,WONTON FOOD TENNESSEE,FALSE,1,Wonton Food Tennessee Wonton Food Inc - Tennessee,Unknown / Needs Review,,,,Unclassified,Low,,Wonton Food Inc - Tennessee,,,,,,,
110,Wkn Enterprises Dba Title Boxing Club,WKN ENTERPRISES DBA TITLE BOXING CLUB,FALSE,1,"Wkn Enterprises Dba Title Boxing Club Wkn Enterprises, Llc Dba Title Boxing Club",Unknown / Needs Review,,,,Unclassified,Low,,"Wkn Enterprises, Llc Dba Title Boxing Club",,,,,,,
111,Wishing U Well,WISHING U WELL,FALSE,1,Wishing U Well Wishing U Well Inc,Unknown / Needs Review,,,,Unclassified,Low,,Wishing U Well Inc,,,,,,,
112,Wischmeier Transportation Solutions,WISCHMEIER TRANSPORTATION SOLUTIONS,FALSE,1,Wischmeier Transportation Solutions Wischmeier Transportation Solutions,Unknown / Needs Review,,,,Unclassified,Low,,Wischmeier Transportation Solutions,,,,,,,
113,Winton Woods Schools,WINTON WOODS SCHOOLS,FALSE,1,Winton Woods Schools Winton Woods Schools,Unknown / Needs Review,,,,Unclassified,Low,,Winton Woods Schools,,,,,,,
114,Wine Shop,WINE SHOP,FALSE,1,Wine Shop The Wine Shop,Unknown / Needs Review,,,,Unclassified,Low,,The Wine Shop,Wikidata: Wine Shop,https://www.wikidata.org/wiki/Q21117149,,,,,
115,Windsor Suites,WINDSOR SUITES,FALSE,1,Windsor Suites Windsor Suites Llc,Commercial Services,Hospitality,Hospitality,,AI-Assisted Search,Medium,,Windsor Suites Llc,Wikidata: Windsor Suites,https://www.wikidata.org/wiki/Q111885852,,,,,
116,Willows at Springhurt,WILLOWS AT SPRINGHURT,FALSE,1,Willows at Springhurt Willows At Springhurt,Unknown / Needs Review,,,,Unclassified,Low,,Willows At Springhurt,,,,,,,
117,Williamstown Independent School,WILLIAMSTOWN INDEPENDENT SCHOOL,FALSE,1,Williamstown Independent School Williamstown Independent School,Public Schools (K–12),K–12 public education,,,AI-Assisted Search,Medium,http://www.williamstown.kyschools.us,Williamstown Independent School,Wikidata: Williamstown Independent School,https://www.wikidata.org/wiki/Q18159302,Official website,http://www.williamstown.kyschools.us,,,
118,Williamson Memorial,WILLIAMSON MEMORIAL,FALSE,1,Williamson Memorial Williamson Memorial Inc,Municipal / Local Government,Government entity,,,AI-Assisted Search,Medium,,Williamson Memorial Inc,Wikidata: Williamson Memorial,https://www.wikidata.org/wiki/Q55047650,,,,,
119,Williamsburg Schools,WILLIAMSBURG SCHOOLS,FALSE,1,Williamsburg Schools Williamsburg Schools,Unknown / Needs Review,,,,Unclassified,Low,,Williamsburg Schools,,,,,,,
120,Wiedemann,WIEDEMANN,FALSE,1,Wiedemann Wiedemann,Unknown / Needs Review,,,,Unclassified,Low,,Wiedemann,Wikidata: Wiedemann,https://www.wikidata.org/wiki/Q21493657,,,,,
121,White Oak Athletic Club,WHITE OAK ATHLETIC CLUB,FALSE,1,White Oak Athletic Club White Oak Athletic Club,Unknown / Needs Review,,,,Unclassified,Low,,White Oak Athletic Club,,,,,,,
122,Westrock Cincinnati,WESTROCK CINCINNATI,FALSE,1,Westrock Cincinnati Westrock Cincinnati,Commercial Services,Hospitality,Hospitality,,Unclassified,Low,,Westrock Cincinnati,,,,,,,
123,Westrock,WESTROCK,FALSE,1,Westrock Westrock,Manufacturing,Manufacturing,,,AI-Assisted Search,Medium,http://www.westrock.com/en-us/index.html,Westrock,Wikidata: Westrock,https://www.wikidata.org/wiki/Q21016487,Official website,http://www.westrock.com/en-us/index.html,,,
124,Westminster Neighborhood Services,WESTMINSTER NEIGHBORHOOD SERVICES,FALSE,1,Westminster Neighborhood Services Westminster Neighborhood Services,Unknown / Needs Review,,,,Unclassified,Low,,Westminster Neighborhood Services,,,,,,,
125,Western Southern,WESTERN SOUTHERN,FALSE,1,Western Southern Western Southern,Unknown / Needs Review,,,,Unclassified,Low,,Western Southern,Wikidata: Western Southern,https://www.wikidata.org/wiki/Q19066110,,,,,
126,Western Plaza Thompson Thrift,WESTERN PLAZA THOMPSON THRIFT,FALSE,1,Western Plaza Thompson Thrift Western Plaza Llc (Thompson Thrift),Unknown / Needs Review,,,,Unclassified,Low,,Western Plaza Llc (Thompson Thrift),,,,,,,
127,West High St Investments,WEST HIGH ST INVESTMENTS,FALSE,1,West High St Investments West High St Investments Llc,Unknown / Needs Review,,,,Unclassified,Low,,West High St Investments Llc,,,,,,,
128,Weichuan USA,WEICHUAN USA,FALSE,1,Weichuan USA Wei-Chuan Usa Inc,Unknown / Needs Review,,,,Unclassified,Low,,Wei-Chuan Usa Inc,,,,,,,
129,Weber Huff,WEBER HUFF,FALSE,1,"Weber Huff Weber Huff, Inc.",Unknown / Needs Review,,,,Unclassified,Low,,"Weber Huff, Inc.",,,,,,,
130,Webb School of Knoxville,WEBB SCHOOL OF KNOXVILLE,FALSE,1,Webb School of Knoxville Webb School Of Knoxville,University / College,Higher education,,,AI-Assisted Search,Medium,,Webb School Of Knoxville,Wikidata: Webb School of Knoxville,https://www.wikidata.org/wiki/Q7978675,,,,,
131,Wayfair West Chester,WAYFAIR WEST CHESTER,FALSE,1,Wayfair West Chester Wayfair West Chester,Unknown / Needs Review,,,,Unclassified,Low,,Wayfair West Chester,,,,,,,
132,Wayfair Louisville,WAYFAIR LOUISVILLE,FALSE,1,Wayfair Louisville Wayfair Louisville,Unknown / Needs Review,,,,Unclassified,Low,,Wayfair Louisville,,,,,,,
133,Wayfair Hebron,WAYFAIR HEBRON,FALSE,1,Wayfair Hebron Wayfair Hebron,Unknown / Needs Review,,,,Unclassified,Low,,Wayfair Hebron,,,,,,,
134,Wayfair Groveport,WAYFAIR GROVEPORT,FALSE,1,Wayfair Groveport Wayfair Groveport,Unknown / Needs Review,,,,Unclassified,Low,,Wayfair Groveport,,,,,,,
135,Wayfair Florence,WAYFAIR FLORENCE,FALSE,1,Wayfair Florence Wayfair Florence,Unknown / Needs Review,,,,Unclassified,Low,,Wayfair Florence,,,,,,,
136,Wayfair Erlanger,WAYFAIR ERLANGER,FALSE,1,Wayfair Erlanger Wayfair Erlanger,Unknown / Needs Review,,,,Unclassified,Low,,Wayfair Erlanger,,,,,,,
137,Waupaca Foundry,WAUPACA FOUNDRY,FALSE,1,Waupaca Foundry Waupaca Foundry  Inc,Unknown / Needs Review,,,,Unclassified,Low,,Waupaca Foundry  Inc,,,,,,,
138,Watkins Road Owner,WATKINS ROAD OWNER,FALSE,1,Watkins Road Owner Watkins Road Owner Llc,Unknown / Needs Review,,,,Unclassified,Low,,Watkins Road Owner Llc,,,,,,,
139,Waters Edge Chocolates,WATERS EDGE CHOCOLATES,FALSE,1,Waters Edge Chocolates Waters Edge Chocolates,Utilities,Utility services,,,Unclassified,Low,,Waters Edge Chocolates,,,,,,,
140,Warehouse Optimizers,WAREHOUSE OPTIMIZERS,FALSE,1,Warehouse Optimizers Warehouse Optimizers Inc,Unknown / Needs Review,,,,Unclassified,Low,,Warehouse Optimizers Inc,,,,,,,
141,Walker Scm Aelspan,WALKER SCM AELSPAN,FALSE,1,Walker Scm Aelspan Walker Scm Ael-Span Llc,Unknown / Needs Review,,,,Unclassified,Low,,Walker Scm Ael-Span Llc,,,,,,,
142,Walker,WALKER,FALSE,1,Walker The Walker Company,Unknown / Needs Review,,,,Unclassified,Low,,The Walker Company,Wikidata: Walker,https://www.wikidata.org/wiki/Q7962191,,,,,
143,Walkenhorsts,WALKENHORSTS,FALSE,1,Walkenhorsts Walkenhorst'S,Unknown / Needs Review,,,,Unclassified,Low,,Walkenhorst'S,,,,,,,
144,Wabtec,WABTEC,FALSE,1,Wabtec Wabtec Corporation,Manufacturing,Manufacturing,,,AI-Assisted Search,Medium,https://www.wabteccorp.com/,Wabtec Corporation,Wikidata: Wabtec,https://www.wikidata.org/wiki/Q741707,Official website,https://www.wabteccorp.com/,,,
145,WV Outdoor,WV OUTDOOR,FALSE,1,WV Outdoor Wv Outdoor,Unknown / Needs Review,,,,Unclassified,Low,,Wv Outdoor,,,,,,,
146,WV Great Barrel,WV GREAT BARREL,FALSE,1,WV Great Barrel Wv Great Barrel Company Llc,Unknown / Needs Review,,,,Unclassified,Low,,Wv Great Barrel Company Llc,,,,,,,
147,Vytron,VYTRON,FALSE,1,Vytron Vytron Corporation,Unknown / Needs Review,,,,Unclassified,Low,http://www.vytronus.com/,Vytron Corporation,Wikidata: Vytron,https://www.wikidata.org/wiki/Q106411857,Official website,http://www.vytronus.com/,,,
148,Vrc,VRC,FALSE,1,Vrc company,Unknown / Needs Review,,,,Unclassified,Low,http://www.muvrchlabi.cz/,Vrc,Wikidata: Vrc,https://www.wikidata.org/wiki/Q1008595,Official website,http://www.muvrchlabi.cz/,,,
149,Volunteer Mechanical,VOLUNTEER MECHANICAL,FALSE,1,Volunteer Mechanical Volunteer Mechanical,Unknown / Needs Review,,,,Unclassified,Low,,Volunteer Mechanical,,,,,,,
150,Vision Best Eye Care,VISION BEST EYE CARE,FALSE,1,Vision Best Eye Care Vision Best Eye Care,Unknown / Needs Review,,,,Unclassified,Low,,Vision Best Eye Care,,,,,,,
151,Virginia Tile,VIRGINIA TILE,FALSE,1,Virginia Tile Virginia Tile,Unknown / Needs Review,,,,Unclassified,Low,,Virginia Tile,,,,,,,
152,Viox Services,VIOX SERVICES,FALSE,1,Viox Services Viox Services,Unknown / Needs Review,,,,Unclassified,Low,,Viox Services,,,,,,,
153,Vinylmax,VINYLMAX,FALSE,1,Vinylmax Vinylmax,Unknown / Needs Review,,,,Unclassified,Low,,Vinylmax,,,,,,,
154,Viking Plastics,VIKING PLASTICS,FALSE,1,Viking Plastics Viking Plastics,Unknown / Needs Review,,,,Unclassified,Low,,Viking Plastics,,,,,,,
155,Victorian Square,VICTORIAN SQUARE,FALSE,1,Victorian Square Victorian Square Llc,Unknown / Needs Review,,,,Unclassified,Low,,Victorian Square Llc,,,,,,,
156,Victoria Theatre Association,VICTORIA THEATRE ASSOCIATION,FALSE,1,Victoria Theatre Association Victoria Theatre Association,Non-Profit / Religious,Non-profit/religious,,,AI-Assisted Search,Medium,http://www.victoriatheatre.com/,Victoria Theatre Association,Wikidata: Victoria Theatre Association,https://www.wikidata.org/wiki/Q54852705,Official website,http://www.victoriatheatre.com/,,,
157,Vgs Bakery,VGS BAKERY,FALSE,1,Vgs Bakery Vg'S Bakery,Unknown / Needs Review,,,,Unclassified,Low,,Vg'S Bakery,,,,,,,
158,Vfp Fire Systems,VFP FIRE SYSTEMS,FALSE,1,Vfp Fire Systems Vfp Fire Systems,Unknown / Needs Review,,,,Unclassified,Low,,Vfp Fire Systems,,,,,,,
159,Veregy Indiana,VEREGY INDIANA,FALSE,1,Veregy Indiana Veregy Indiana Llc,Unknown / Needs Review,,,,Unclassified,Low,,Veregy Indiana Llc,,,,,,,
160,Ventra Plastics Russellville a Division of Flexngate,VENTRA PLASTICS RUSSELLVILLE A DIVISION OF FLEXNGATE,FALSE,1,Ventra Plastics Russellville a Division of Flexngate Ventra Plastics Russellville A Division Of Flex-N-Gate Corp,Unknown / Needs Review,,,,Unclassified,Low,,Ventra Plastics Russellville A Division Of Flex-N-Gate Corp,,,,,,,
161,Venco Venturo,VENCO VENTURO,FALSE,1,Venco Venturo Venco Venturo,Unknown / Needs Review,,,,Unclassified,Low,,Venco Venturo,,,,,,,
162,Vanderbilt Maury Radiation Oncology,VANDERBILT MAURY RADIATION ONCOLOGY,FALSE,1,Vanderbilt Maury Radiation Oncology Vanderbilt Maury Radiation Oncology,Unknown / Needs Review,,,,Unclassified,Low,,Vanderbilt Maury Radiation Oncology,,,,,,,
163,Vanderbilt Chemicals,VANDERBILT CHEMICALS,FALSE,1,Vanderbilt Chemicals Vanderbilt Chemicals Llc,Unknown / Needs Review,,,,Unclassified,Low,,Vanderbilt Chemicals Llc,,,,,,,
164,Vandalia Rental,VANDALIA RENTAL,FALSE,1,Vandalia Rental Vandalia Rental,Unknown / Needs Review,,,,Unclassified,Low,,Vandalia Rental,,,,,,,HTTP Error 403: Forbidden
165,Van Con,VAN CON,FALSE,1,Van Con Van Con,Unknown / Needs Review,,,,Unclassified,Low,,Van Con,Wikidata: Van Con,https://www.wikidata.org/wiki/Q7913250,,,,,HTTP Error 403: Forbidden
166,Valtronics,VALTRONICS,FALSE,1,"Valtronics Valtronics, Inc.",Unknown / Needs Review,,,,Unclassified,Low,,"Valtronics, Inc.",,,,,,,HTTP Error 403: Forbidden
167,Vals Botique,VALS BOTIQUE,FALSE,1,Vals Botique Val'S Botique,Unknown / Needs Review,,,,Unclassified,Low,,Val'S Botique,,,,,,,HTTP Error 403: Forbidden
168,Valor Oil,VALOR OIL,FALSE,1,Valor Oil Valor Oil,Unknown / Needs Review,,,,Unclassified,Low,,Valor Oil,,,,,,,HTTP Error 403: Forbidden
169,Validated Custom Solutions,VALIDATED CUSTOM SOLUTIONS,FALSE,1,Validated Custom Solutions Validated Custom Solutions,Unknown / Needs Review,,,,Unclassified,Low,,Validated Custom Solutions,,,,,,,HTTP Error 403: Forbidden
170,Valeo Climate Control,VALEO CLIMATE CONTROL,FALSE,1,Valeo Climate Control Valeo Climate Control,Unknown / Needs Review,,,,Unclassified,Low,,Valeo Climate Control,,,,,,,HTTP Error 403: Forbidden
171,Valeo,VALEO,FALSE,1,Valeo company,Unknown / Needs Review,,,,Unclassified,Low,,Valeo,Wikidata: Valeo,https://www.wikidata.org/wiki/Q124832451,,,,,
172,Valcom Enterprises,VALCOM ENTERPRISES,FALSE,1,"Valcom Enterprises Valcom Enterprises, Inc.",Unknown / Needs Review,,,,Unclassified,Low,,"Valcom Enterprises, Inc.",,,,,,,
173,Valassis Direct Mail,VALASSIS DIRECT MAIL,FALSE,1,"Valassis Direct Mail Valassis Direct Mail, Inc",Unknown / Needs Review,,,,Unclassified,Low,,"Valassis Direct Mail, Inc",,,,,,,
174,Utc Aerospace Systems,UTC AEROSPACE SYSTEMS,FALSE,1,Utc Aerospace Systems Utc Aerospace Systems,Unknown / Needs Review,,,,Unclassified,Low,,Utc Aerospace Systems,Wikidata: Utc Aerospace Systems,https://www.wikidata.org/wiki/Q106609008,,,,,
175,Utbattelle,UTBATTELLE,FALSE,1,"Utbattelle Ut-Battelle, Llc",Unknown / Needs Review,,,,Unclassified,Low,,"Ut-Battelle, Llc",,,,,,,
176,Ust Dba Landmark Ceramics,UST DBA LANDMARK CERAMICS,FALSE,1,Ust Dba Landmark Ceramics Ust Inc Dba Landmark Ceramics,Unknown / Needs Review,,,,Unclassified,Low,,Ust Inc Dba Landmark Ceramics,,,,,,,
177,Uscc Services,USCC SERVICES,FALSE,1,Uscc Services Uscc Services,Unknown / Needs Review,,,,Unclassified,Low,,Uscc Services,,,,,,,
178,Urban Stead Cheese,URBAN STEAD CHEESE,FALSE,1,Urban Stead Cheese Urban Stead Cheese Company,Unknown / Needs Review,,,,Unclassified,Low,,Urban Stead Cheese Company,,,,,,,
179,Urban Sites,URBAN SITES,FALSE,1,Urban Sites Urban Sites,Unknown / Needs Review,,,,Unclassified,Low,,Urban Sites,,,,,,,
180,Upm Pharmaceuticals,UPM PHARMACEUTICALS,FALSE,1,Upm Pharmaceuticals Upm Pharmaceuticals,Unknown / Needs Review,,,,Unclassified,Low,,Upm Pharmaceuticals,,,,,,,
181,Unlimited Systems,UNLIMITED SYSTEMS,FALSE,1,"Unlimited Systems Unlimited Systems, Llc",Unknown / Needs Review,,,,Unclassified,Low,,"Unlimited Systems, Llc",,,,,,,
182,Universal Transportation Systems,UNIVERSAL TRANSPORTATION SYSTEMS,FALSE,1,Universal Transportation Systems Universal Transportation Systems,Unknown / Needs Review,,,,Unclassified,Low,,Universal Transportation Systems,,,,,,,
183,Univeristy Tower,UNIVERISTY TOWER,FALSE,1,Univeristy Tower Univeristy Tower,Unknown / Needs Review,,,,Unclassified,Low,,Univeristy Tower,,,,,,,
184,United States Cold Storage,UNITED STATES COLD STORAGE,FALSE,1,United States Cold Storage United States Cold Storage,Unknown / Needs Review,,,,Unclassified,Low,,United States Cold Storage,,,,,,,
185,United Services,UNITED SERVICES,FALSE,1,United Services United Services Corporation,Financial Services,Financial services,,,AI-Assisted Search,Medium,https://www.usaa.com/,United Services Corporation,Wikidata: United Services,https://www.wikidata.org/wiki/Q7865722,Official website,https://www.usaa.com/,,,
186,United Group Services,UNITED GROUP SERVICES,FALSE,1,"United Group Services United Group Services, Inc.",Unknown / Needs Review,,,,Unclassified,Low,,"United Group Services, Inc.",,,,,,,
187,Unit Building Services,UNIT BUILDING SERVICES,FALSE,1,Unit Building Services Unit Building Services,Unknown / Needs Review,,,,Unclassified,Low,,Unit Building Services,,,,,,,
188,Union Station,UNION STATION,FALSE,1,Union Station Union Station C/O Kennmar,Unknown / Needs Review,,,,Unclassified,Low,,Union Station C/O Kennmar,Wikidata: Union Station,https://www.wikidata.org/wiki/Q7886778,,,,,
189,Union Odc Brep I,UNION ODC BREP I,FALSE,1,"Union Odc Brep I Union Odc Brep I, Llc",Unknown / Needs Review,,,,Unclassified,Low,,"Union Odc Brep I, Llc",,,,,,,
190,Uk Center for Applied Energy Research,UK CENTER FOR APPLIED ENERGY RESEARCH,FALSE,1,Uk Center for Applied Energy Research Uk Center For Applied Energy Research,Unknown / Needs Review,,,,Unclassified,Low,,Uk Center For Applied Energy Research,,,,,,,
191,Uhaul,UHAUL,FALSE,1,Uhaul company,Unknown / Needs Review,,,,Unclassified,Low,https://www.uhaul.com/,Uhaul Co Of Kentucky,Wikidata: Uhaul,https://www.wikidata.org/wiki/Q7862902,Official website,https://www.uhaul.com/,,,
192,Ube Automotive North America,UBE AUTOMOTIVE NORTH AMERICA,FALSE,1,Ube Automotive North America Ube Automotive North America,Unknown / Needs Review,,,,Unclassified,Low,,Ube Automotive North America,,,,,,,
193,US Zinc,US ZINC,FALSE,1,US Zinc Us Zinc,Unknown / Needs Review,,,,Unclassified,Low,,Us Zinc,,,,,,,
194,US Hazmat Rentals,US HAZMAT RENTALS,FALSE,1,US Hazmat Rentals Us Hazmat Rentals Llc,Unknown / Needs Review,,,,Unclassified,Low,,Us Hazmat Rentals Llc,,,,,,,
195,US Food Serviceknoxville,US FOOD SERVICEKNOXVILLE,FALSE,1,US Food Serviceknoxville Us Food Service/Knoxville,Unknown / Needs Review,,,,Unclassified,Low,,Us Food Service/Knoxville,,,,,,,
196,US Cellular,US CELLULAR,FALSE,1,US Cellular Us Cellular,Unknown / Needs Review,,,,Unclassified,Low,,Us Cellular,Wikidata: US Cellular,https://www.wikidata.org/wiki/Q7875863,,,,,
197,U Line,U LINE,FALSE,1,U Line U Line,Unknown / Needs Review,,,,Unclassified,Low,,U Line,Wikidata: U Line,https://www.wikidata.org/wiki/Q491655,,,,,
198,Twiktenn the Simpson Organization,TWIKTENN THE SIMPSON ORGANIZATION,FALSE,1,Twiktenn the Simpson Organization Twiktenn The Simpson Organization,Unknown / Needs Review,,,,Unclassified,Low,,Twiktenn The Simpson Organization,,,,,,,
199,Tuff Torq Residence,TUFF TORQ RESIDENCE,FALSE,1,Tuff Torq Residence Tuff Torq - Residence,Unknown / Needs Review,,,,Unclassified,Low,,Tuff Torq - Residence,,,,,,,
200,Tuff Torq,TUFF TORQ,FALSE,1,Tuff Torq Tuff Torq Corporation,Unknown / Needs Review,,,,Unclassified,Low,,Tuff Torq Corporation,,,,,,,
