Master Customer Name,Master Customer Name Canonical,Original Name,Initial Clean Name,Type,IsMerge,MergeGroupSize
10% Cabinetry,10% CABINETRY,10% Cabinetry,(Override),Manual Override,FALSE,1
161 Springmill Properties,161 SPRINGMILL PROPERTIES,161 Springmill Properties Llc C/O Kennmar Llc,161 SPRINGMILL PROPERTIES,C/O Strip,FALSE,1
3665 Mallory Jv,3665 MALLORY JV,3665 Mallory Jv Llc Co Foundry Commercial Llc,3665 MALLORY JV,C/O Strip,FALSE,1
3LS Properties Chattanooga,3LS PROPERTIES CHATTANOOGA,3Ls Properties Chattanooga C/O Realty Trust Group,3LS PROPERTIES CHATTANOOGA,C/O Strip,FALSE,1
45NINETY Construction,45NINETY CONSTRUCTION,45 Ninety Construction,45 NINETY CONSTRUCTION,Fuzzy Merge,TRUE,2
45NINETY Construction,45NINETY CONSTRUCTION,"45Ninety Construction, Inc",45NINETY CONSTRUCTION,Merge,TRUE,2
Absolute Value Management,ABSOLUTE VALUE MANAGEMENT,Absolute Value Management,ABSOLUTE VALUE MANAGEMENT,Merge,TRUE,2
Absolute Value Management,ABSOLUTE VALUE MANAGEMENT,Absolute Value Management,ABSOLUTE VALUE MANAGEMENT,Merge,TRUE,2
Accenture LLP,ACCENTURE LLP,Accenture Llp,ACCENTURE LLP,Merge,TRUE,2
Accenture LLP,ACCENTURE LLP,Accenture Llp,ACCENTURE LLP,Merge,TRUE,2
Adair County Fiscal Court,ADAIR COUNTY FISCAL COURT,Adair County Fiscal Court,ADAIR COUNTY FISCAL COURT,Merge,TRUE,2
Adair County Fiscal Court,ADAIR COUNTY FISCAL COURT,Adair County Jail,(Override),Manual Override,TRUE,2
All Eleven,ALL ELEVEN,All Eleven C/O Nai,ALL ELEVEN,C/O Strip,FALSE,1
Allied Supply,ALLIED SUPPLY,Allied Supply,ALLIED SUPPLY,Merge,TRUE,2
Allied Supply,ALLIED SUPPLY,Allied Supply Company,ALLIED SUPPLY,Merge,TRUE,2
Alpha Technologies Services,ALPHA TECHNOLOGIES SERVICES,Alpha Technologies Services Inc,ALPHA TECHNOLOGIES SERVICES,Merge,TRUE,3
Alpha Technologies Services,ALPHA TECHNOLOGIES SERVICES,Alpha Technologies Services Inc,ALPHA TECHNOLOGIES SERVICES,Merge,TRUE,3
Alpha Technologies Services,ALPHA TECHNOLOGIES SERVICES,Alpha Technologies Services Inc,ALPHA TECHNOLOGIES SERVICES,Merge,TRUE,3
Alt and Witzig Engineering,ALT AND WITZIG ENGINEERING,Alt & Witzig Engineering,ALT AND WITZIG ENGINEERING,Merge,TRUE,2
Alt and Witzig Engineering,ALT AND WITZIG ENGINEERING,Alt & Witzig Engineering,ALT AND WITZIG ENGINEERING,Merge,TRUE,2
Amazon,AMAZON,"Amazon Data Services, Inc.",AMAZON,Chain Rule,TRUE,4
Amazon,AMAZON,Amazon.Com,AMAZON,Chain Rule,TRUE,4
Amazon,AMAZON,Amazon.Com Services Llc,AMAZON,Chain Rule,TRUE,4
Amazon,AMAZON,Amazon.Com Services Llc,AMAZON,Chain Rule,TRUE,4
Amcor Rigids,AMCOR RIGIDS,Amcor Rigid Plastics Usa Inc,(Override),Manual Override,TRUE,2
Amcor Rigids,AMCOR RIGIDS,Amcor Rigids C/O Aramark Gbs Facility Operations Center,(Override),Manual Override,TRUE,2
Amerimed,AMERIMED,Amerimed,AMERIMED,Merge,TRUE,2
Amerimed,AMERIMED,Amerimed,AMERIMED,Merge,TRUE,2
Ameriplex 2,AMERIPLEX 2,Ameriplex 2 Llc C/O Jones Lang Lasalle Americas Inc,AMERIPLEX 2,C/O Strip,FALSE,1
Ancra Cargo,ANCRA CARGO,Ancra Cargo,ANCRA CARGO,Merge,TRUE,2
Ancra Cargo,ANCRA CARGO,Ancra Cargo,ANCRA CARGO,Merge,TRUE,2
Archdiocese of Cincinnati,ARCHDIOCESE OF CINCINNATI,Archdiocese Of Cincinnati,ARCHDIOCESE OF CINCINNATI,Merge,TRUE,2
Archdiocese of Cincinnati,ARCHDIOCESE OF CINCINNATI,Archdioceses Of Cincinnati,ARCHDIOCESES OF CINCINNATI,Fuzzy Merge,TRUE,2
Ark Brookvale,ARK BROOKVALE,Ark Llc - Brookvale C/O Avison Young,ARK BROOKVALE,C/O Strip,FALSE,1
Arrow Wine and Spirits,ARROW WINE AND SPIRITS,Arrow Wine & Spirits,(Override),Manual Override,TRUE,2
Arrow Wine and Spirits,ARROW WINE AND SPIRITS,Arrow Wine And Spirits Mason,(Override),Manual Override,TRUE,2
Arvato Digital USA,ARVATO DIGITAL USA,Arvato Digital Usa Llc C/O Accounts Payable,ARVATO DIGITAL USA,C/O Strip,FALSE,1
Atlas Air,ATLAS AIR,Atlas Air Inc,ATLAS AIR,Merge,TRUE,2
Atlas Air,ATLAS AIR,"Atlas Air, Inc",ATLAS AIR,Merge,TRUE,2
Atrium LP,ATRIUM LP,Atrium Lp C/O Commercial & Investmentproperties,ATRIUM LP,C/O Strip,FALSE,1
Auglaize County OH,AUGLAIZE COUNTY OH,Auglaize County,(Override),Manual Override,TRUE,2
Auglaize County OH,AUGLAIZE COUNTY OH,Auglaize County Commissioners,(Override),Manual Override,TRUE,2
Aurora Properties,AURORA PROPERTIES,Aurora Properties Llc C/O Avison Young,AURORA PROPERTIES,C/O Strip,FALSE,1
Austin Landing North,AUSTIN LANDING NORTH,Austin Landing North Llc,AUSTIN LANDING NORTH,Merge,TRUE,2
Austin Landing North,AUSTIN LANDING NORTH,"Austin Landing North, Llc",AUSTIN LANDING NORTH,Merge,TRUE,2
Avi Foodsystems,AVI FOODSYSTEMS,Avi Foodsystems Inc,AVI FOODSYSTEMS,Merge,TRUE,2
Avi Foodsystems,AVI FOODSYSTEMS,"Avi Foodsystems, Inc.",AVI FOODSYSTEMS,Merge,TRUE,2
Bc Terminals,BC TERMINALS,Bc Terminals Llc C/O Commercial & Investment Properties,BC TERMINALS,C/O Strip,FALSE,1
Beacon Ortohopaedics,BEACON ORTOHOPAEDICS,"Beacon Orthopaedics Facilities, Llc",(Override),Manual Override,TRUE,2
Beacon Ortohopaedics,BEACON ORTOHOPAEDICS,Beacon Orthopedics & Sports Medicine,(Override),Manual Override,TRUE,2
Belterra Resort Indiana,BELTERRA RESORT INDIANA,Belterra Resort Indiana,BELTERRA RESORT INDIANA,Merge,TRUE,2
Belterra Resort Indiana,BELTERRA RESORT INDIANA,"Belterra Resort Indiana, Llc",BELTERRA RESORT INDIANA,Merge,TRUE,2
Bgis US Re Regions,BGIS US RE REGIONS,Bgis Us Llc Re: Regions,BGIS US RE REGIONS,Merge,TRUE,2
Bgis US Re Regions,BGIS US RE REGIONS,Bgis Us Llc Re: Regions,BGIS US RE REGIONS,Merge,TRUE,2
Bgr,BGR,Bgr,(Override),Manual Override,TRUE,4
Bgr,BGR,Bgr Inc,(Override),Manual Override,TRUE,4
Bgr,BGR,Bgr Packaging,(Override),Manual Override,TRUE,4
Bgr,BGR,Bgr Packaging - Indianapolis,(Override),Manual Override,TRUE,4
Blue Ash Acquistions,BLUE ASH ACQUISTIONS,Blue Ash Acquistions C/O Collier,BLUE ASH ACQUISTIONS,C/O Strip,FALSE,1
Blue Holdings,BLUE HOLDINGS,Blue Holdings Llc Co Foundry Commerical Llc,BLUE HOLDINGS,C/O Strip,FALSE,1
Blue Ridge Realty,BLUE RIDGE REALTY,"Blue Ridge Realty, Inc C/O Lakeside Centre Realty Partners Llc",BLUE RIDGE REALTY,C/O Strip,TRUE,6
Blue Ridge Realty,BLUE RIDGE REALTY,"Blue Ridge Realty, Inc. C/O Brookvale Ii, Llc.",BLUE RIDGE REALTY,C/O Strip,TRUE,6
Blue Ridge Realty,BLUE RIDGE REALTY,"Blue Ridge Realty, Inc. C/O Brookview Promenade, Llc",BLUE RIDGE REALTY,C/O Strip,TRUE,6
Blue Ridge Realty,BLUE RIDGE REALTY,"Blue Ridge Realty, Inc. C/O Cross Park Plaza Association, Inc",BLUE RIDGE REALTY,C/O Strip,TRUE,6
Blue Ridge Realty,BLUE RIDGE REALTY,"Blue Ridge Realty, Inc. C/O Pellissippi South, Llc",BLUE RIDGE REALTY,C/O Strip,TRUE,6
Blue Ridge Realty,BLUE RIDGE REALTY,"Blue Ridge Realty, Inc. C/O Two Lakeside Realty, Llc",BLUE RIDGE REALTY,C/O Strip,TRUE,6
Bluegrass Community Hospital,BLUEGRASS COMMUNITY HOSPITAL,Bluegrass Community Hospital C/O Lifepoint,BLUEGRASS COMMUNITY HOSPITAL,C/O Strip,FALSE,1
Bonitz,BONITZ,Bonitz,BONITZ,Merge,TRUE,2
Bonitz,BONITZ,Bonitz,BONITZ,Merge,TRUE,2
Bourbon County Fiscal Court,BOURBON COUNTY FISCAL COURT,Bourbon County Fiscal Court,BOURBON COUNTY FISCAL COURT,Merge,TRUE,3
Bourbon County Fiscal Court,BOURBON COUNTY FISCAL COURT,Bourbon County Fiscal Court,BOURBON COUNTY FISCAL COURT,Merge,TRUE,3
Bourbon County Fiscal Court,BOURBON COUNTY FISCAL COURT,Bourbon County Legion Park,(Override),Manual Override,TRUE,3
Boyle County Fiscal Court,BOYLE COUNTY FISCAL COURT,Boyle County Fiscal Court,BOYLE COUNTY FISCAL COURT,Merge,TRUE,2
Boyle County Fiscal Court,BOYLE COUNTY FISCAL COURT,Boyle County Fiscal Court,BOYLE COUNTY FISCAL COURT,Merge,TRUE,2
Brightview Health,BRIGHTVIEW HEALTH,Brightview Health,(Override),Manual Override,TRUE,4
Brightview Health,BRIGHTVIEW HEALTH,Brightview Health Llc,(Override),Manual Override,TRUE,4
Brightview Health,BRIGHTVIEW HEALTH,Brightview Health Llc Columbus,(Override),Manual Override,TRUE,4
Brightview Health,BRIGHTVIEW HEALTH,Brightview Lancaster,(Override),Manual Override,TRUE,4
Building Management Partners,BUILDING MANAGEMENT PARTNERS,Building Management Partners,BUILDING MANAGEMENT PARTNERS,Merge,TRUE,2
Building Management Partners,BUILDING MANAGEMENT PARTNERS,Building Management Partners,BUILDING MANAGEMENT PARTNERS,Merge,TRUE,2
Bunzl,BUNZL,Bunzl,BUNZL,Merge,TRUE,2
Bunzl,BUNZL,Bunzl,BUNZL,Merge,TRUE,2
Burkeailey Construction,BURKEAILEY CONSTRUCTION,Burke-Ailey Construction Co Inc,BURKEAILEY CONSTRUCTION,C/O Strip,FALSE,1
Butler Rural Electric Cooperative,BUTLER RURAL ELECTRIC COOPERATIVE,Butler Rural Electric Cooperative,BUTLER RURAL ELECTRIC COOPERATIVE,Merge,TRUE,2
Butler Rural Electric Cooperative,BUTLER RURAL ELECTRIC COOPERATIVE,Butler Rural Electric Cooperative,BUTLER RURAL ELECTRIC COOPERATIVE,Merge,TRUE,2
Bway,BWAY,Bway Corporation,BWAY,Merge,TRUE,2
Bway,BWAY,Bway Corporation,BWAY,Merge,TRUE,2
CBRE,CBRE,Cbre,CBRE,Chain Rule,TRUE,9
CBRE,CBRE,Cbre,CBRE,Chain Rule,TRUE,9
CBRE,CBRE,Cbre Gws Llc,CBRE,Chain Rule,TRUE,9
CBRE,CBRE,Cbre Novartis Fm,CBRE,Chain Rule,TRUE,9
CBRE,CBRE,Ellis Road Industirial Llc C/O Cbre,ELLIS ROAD INDUSTIRIAL,C/O Swap (Right Side Chain),TRUE,9
CBRE,CBRE,Flat Rock Industrial Holdings Lp C/O Cbre,FLAT ROCK INDUSTRIAL HOLDINGS LP,C/O Swap (Right Side Chain),TRUE,9
CBRE,CBRE,Legacy Trail Llc C/O Cbre,LEGACY TRAIL,C/O Swap (Right Side Chain),TRUE,9
CBRE,CBRE,New Albany Commerce I & Ii C/O Cbre,NEW ALBANY COMMERCE I AND II,C/O Swap (Right Side Chain),TRUE,9
CBRE,CBRE,Vcm Smyrna Lp C/O Cbre,VCM SMYRNA LP,C/O Swap (Right Side Chain),TRUE,9
Cablemaster,CABLEMASTER,Cablemaster,CABLEMASTER,Merge,TRUE,2
Cablemaster,CABLEMASTER,"Cablemaster, Inc.",CABLEMASTER,Merge,TRUE,2
Carter County Fiscal Court,CARTER COUNTY FISCAL COURT,Carter County Fiscal Court,CARTER COUNTY FISCAL COURT,Merge,TRUE,2
Carter County Fiscal Court,CARTER COUNTY FISCAL COURT,Carter County Fiscal Court,CARTER COUNTY FISCAL COURT,Merge,TRUE,2
Cazana Family Dcp General Partnership,CAZANA FAMILY DCP GENERAL PARTNERSHIP,Cazana Family Dcp General Partnership C/O Commercial & Investmen,CAZANA FAMILY DCP GENERAL PARTNERSHIP,C/O Strip,FALSE,1
Cb Richard Ellis,CB RICHARD ELLIS,Cb Richard Ellis,CB RICHARD ELLIS,Merge,TRUE,3
Cb Richard Ellis,CB RICHARD ELLIS,Cb Richard Ellis,CB RICHARD ELLIS,Merge,TRUE,3
Cb Richard Ellis,CB RICHARD ELLIS,"Cb Richard Ellis, Inc.",CB RICHARD ELLIS,Merge,TRUE,3
Cer Services,CER SERVICES,Cer Services,CER SERVICES,Merge,TRUE,2
Cer Services,CER SERVICES,Cer Services Inc.,CER SERVICES,Merge,TRUE,2
Certus Medical,CERTUS MEDICAL,Certus Medical,CERTUS MEDICAL,Merge,TRUE,2
Certus Medical,CERTUS MEDICAL,Certus Medical,CERTUS MEDICAL,Merge,TRUE,2
Cgm Capital Holdings,CGM CAPITAL HOLDINGS,Cgm Capital Holdings C/O Harrell Tague 10531D,CGM CAPITAL HOLDINGS,C/O Strip,FALSE,1
Ch Forest Park Partners Gp,CH FOREST PARK PARTNERS GP,"Ch Forest Park Partners, Gp C/O Premier Property Management Llc",CH FOREST PARK PARTNERS GP,C/O Strip,FALSE,1
Ch Hazard Shops,CH HAZARD SHOPS,Ch Hazard Shops C/O Premier Property Mgmt Company,CH HAZARD SHOPS,C/O Strip,FALSE,1
Charter Communications,CHARTER COMMUNICATIONS,Charter Communications,CHARTER COMMUNICATIONS,Merge,TRUE,2
Charter Communications,CHARTER COMMUNICATIONS,Charter Communications,CHARTER COMMUNICATIONS,Merge,TRUE,2
Chase Bank,CHASE BANK,Chase Tower 707 Virginia St C/0 Jll Management Office,CHASE BANK,Chain Rule,FALSE,1
Chevy Chase Plaza,CHEVY CHASE PLAZA,Chevy Chase Plaza Llc C/O Equity Management Group,CHEVY CHASE PLAZA,C/O Strip,FALSE,1
Chickfila,CHICKFILA,Chick-Fil-A,(Override),Manual Override,TRUE,8
Chickfila,CHICKFILA,Chick-Fil-A Blue Ash,(Override),Manual Override,TRUE,8
Chickfila,CHICKFILA,Chick-Fil-A Bridgewater Falls,(Override),Manual Override,TRUE,8
Chickfila,CHICKFILA,Chick-Fil-A Columbus,(Override),Manual Override,TRUE,8
Chickfila,CHICKFILA,Chick-Fil-A Eastgate,(Override),Manual Override,TRUE,8
Chickfila,CHICKFILA,Chick-Fil-A Liberty Center/West Chester,(Override),Manual Override,TRUE,8
Chickfila,CHICKFILA,Chick-Fil-A Milford,(Override),Manual Override,TRUE,8
Chickfila,CHICKFILA,Chick-Fil-A Oakley,(Override),Manual Override,TRUE,8
Christie Cookie,CHRISTIE COOKIE,Christie Cookie Co,CHRISTIE COOKIE,Merge,TRUE,2
Christie Cookie,CHRISTIE COOKIE,Christie Cookie Co.,CHRISTIE COOKIE,Merge,TRUE,2
Cincinnati Belting and Transmission,CINCINNATI BELTING AND TRANSMISSION,Cincinnati Belting & Transmission,CINCINNATI BELTING AND TRANSMISSION,Merge,TRUE,2
Cincinnati Belting and Transmission,CINCINNATI BELTING AND TRANSMISSION,Cincinnati Belting & Transmission,CINCINNATI BELTING AND TRANSMISSION,Merge,TRUE,2
Cincinnati Milacron,CINCINNATI MILACRON,Cincinnati Milacron,CINCINNATI MILACRON,Merge,TRUE,2
Cincinnati Milacron,CINCINNATI MILACRON,Cincinnati Milacron,CINCINNATI MILACRON,Merge,TRUE,2
Cincinnati Toolbank,CINCINNATI TOOLBANK,Cincinnati Tool Bank,CINCINNATI TOOL BANK,Fuzzy Merge,TRUE,2
Cincinnati Toolbank,CINCINNATI TOOLBANK,Cincinnati Toolbank,CINCINNATI TOOLBANK,Merge,TRUE,2
Cintas,CINTAS,Cintas,CINTAS,Chain Rule,TRUE,3
Cintas,CINTAS,Cintas Corp.,CINTAS,Chain Rule,TRUE,3
Cintas,CINTAS,Cintas Corporation,CINTAS,Chain Rule,TRUE,3
Citimark Management,CITIMARK MANAGEMENT,Citimark Management Co. Inc.,CITIMARK MANAGEMENT,Merge,TRUE,2
Citimark Management,CITIMARK MANAGEMENT,"Citimark Management Co., Inc",CITIMARK MANAGEMENT,Merge,TRUE,2
City Link Center,CITY LINK CENTER,City Link Center,CITY LINK CENTER,Merge,TRUE,2
City Link Center,CITY LINK CENTER,City Link Center,CITY LINK CENTER,Merge,TRUE,2
City of Cynthiana,CITY OF CYNTHIANA,City Of Cynthiana,CITY OF CYNTHIANA,Merge,TRUE,2
City of Cynthiana,CITY OF CYNTHIANA,City Of Cynthiana,CITY OF CYNTHIANA,Merge,TRUE,2
City of Franklin IN,CITY OF FRANKLIN IN,City Of Franklin,(Override),Manual Override,TRUE,2
City of Franklin IN,CITY OF FRANKLIN IN,"City Of Franklin, Indiana",(Override),Manual Override,TRUE,2
City of Hammond IN,CITY OF HAMMOND IN,City Of Hammond,(Override),Manual Override,TRUE,2
City of Hammond IN,CITY OF HAMMOND IN,"City Of Hammond, Indiana",(Override),Manual Override,TRUE,2
City of Lawrence Indiana,CITY OF LAWRENCE INDIANA,City Of Lawrence Indiana,CITY OF LAWRENCE INDIANA,Merge,TRUE,2
City of Lawrence Indiana,CITY OF LAWRENCE INDIANA,City Of Lawrence Indianna,CITY OF LAWRENCE INDIANNA,Fuzzy Merge,TRUE,2
City of Monroe,CITY OF MONROE,City Of Monroe,CITY OF MONROE,Merge,TRUE,2
City of Monroe,CITY OF MONROE,City Of Monroe,CITY OF MONROE,Merge,TRUE,2
City of North College Hill,CITY OF NORTH COLLEGE HILL,City Of North College Hill,(Override),Manual Override,TRUE,2
City of North College Hill,CITY OF NORTH COLLEGE HILL,City Of North College Hill,(Override),Manual Override,TRUE,2
City of South Charleston WV,CITY OF SOUTH CHARLESTON WV,City Of South Charleston,(Override),Manual Override,TRUE,2
City of South Charleston WV,CITY OF SOUTH CHARLESTON WV,City Of South Charleston,(Override),Manual Override,TRUE,2
City of St Bernard,CITY OF ST BERNARD,City Of St Bernard,(Override),Manual Override,TRUE,2
City of St Bernard,CITY OF ST BERNARD,City Of St. Bernard,(Override),Manual Override,TRUE,2
Clinton County OH,CLINTON COUNTY OH,Clinton County Board Of Commissioners,(Override),Manual Override,TRUE,2
Clinton County OH,CLINTON COUNTY OH,Clinton County Commissioner,(Override),Manual Override,TRUE,2
Colliers,COLLIERS,Coi New Albany 525 Llc C/O Colliers,COI NEW ALBANY 525,C/O Swap (Right Side Chain),TRUE,7
Colliers,COLLIERS,Colliers,COLLIERS,Chain Rule,TRUE,7
Colliers,COLLIERS,Colliers,COLLIERS,Chain Rule,TRUE,7
Colliers,COLLIERS,Colliers,COLLIERS,Chain Rule,TRUE,7
Colliers,COLLIERS,Colliers International,COLLIERS,Chain Rule,TRUE,7
Colliers,COLLIERS,Colliers International,COLLIERS,Chain Rule,TRUE,7
Colliers,COLLIERS,"Stag Hebron, Llc C/O Colliers International",STAG HEBRON,C/O Swap (Right Side Chain),TRUE,7
Collins Bowling Centers,COLLINS BOWLING CENTERS,Collins Bowling Centers Inc C/O Haymaker Property Mgt,COLLINS BOWLING CENTERS,C/O Strip,FALSE,1
Core Construction,CORE CONSTRUCTION,Core Construction,(Override),Manual Override,TRUE,2
Core Construction,CORE CONSTRUCTION,"Core Construction Indiana, Llc",(Override),Manual Override,TRUE,2
Cornerstone Lutheran Church,CORNERSTONE LUTHERAN CHURCH,Cornerstone Lutheran Church,CORNERSTONE LUTHERAN CHURCH,Merge,TRUE,2
Cornerstone Lutheran Church,CORNERSTONE LUTHERAN CHURCH,Cornerstone Lutheran Church,CORNERSTONE LUTHERAN CHURCH,Merge,TRUE,2
Corporate Square LP,CORPORATE SQUARE LP,Corporate Square L.P. C/O Commercial And Investment Properties,CORPORATE SQUARE LP,C/O Strip,FALSE,1
Cpiii Gp,CPIII GP,Cpiii Gp C/O Commercial & Investment Properties Inc,CPIII GP,C/O Strip,FALSE,1
Crew Hq,CREW HQ,Crew Hq C/O Alo Property Management,CREW HQ,C/O Strip,FALSE,1
Crocs,CROCS,Crocs,CROCS,Merge,TRUE,2
Crocs,CROCS,Crocs Inc,CROCS,Merge,TRUE,2
Cushman and Wakefield,CUSHMAN AND WAKEFIELD,Cincy Childrens Medical Hospital Ctr C/O Cushman & Wakefield,CINCY CHILDRENS MEDICAL HOSPITAL CTR,C/O Swap (Right Side Chain),TRUE,19
Cushman and Wakefield,CUSHMAN AND WAKEFIELD,Cushman & Wakefield,CUSHMAN AND WAKEFIELD,Chain Rule,TRUE,19
Cushman and Wakefield,CUSHMAN AND WAKEFIELD,Cushman & Wakefield,CUSHMAN AND WAKEFIELD,Chain Rule,TRUE,19
Cushman and Wakefield,CUSHMAN AND WAKEFIELD,Cushman & Wakefield,CUSHMAN AND WAKEFIELD,Chain Rule,TRUE,19
Cushman and Wakefield,CUSHMAN AND WAKEFIELD,Cushman & Wakefield Billing,CUSHMAN AND WAKEFIELD,Chain Rule,TRUE,19
Cushman and Wakefield,CUSHMAN AND WAKEFIELD,Cushman & Wakefield C/O Gainwell Tech,CUSHMAN AND WAKEFIELD,"C/O Strip, Chain Rule",TRUE,19
Cushman and Wakefield,CUSHMAN AND WAKEFIELD,Cushman & Wakefield Critical Solutions,CUSHMAN AND WAKEFIELD,Chain Rule,TRUE,19
Cushman and Wakefield,CUSHMAN AND WAKEFIELD,Cushman & Wakefield Fidelity,CUSHMAN AND WAKEFIELD,Chain Rule,TRUE,19
Cushman and Wakefield,CUSHMAN AND WAKEFIELD,Cushman & Wakefield Fidelity,CUSHMAN AND WAKEFIELD,Chain Rule,TRUE,19
Cushman and Wakefield,CUSHMAN AND WAKEFIELD,Cushman & Wakefield Fidelity,CUSHMAN AND WAKEFIELD,Chain Rule,TRUE,19
Cushman and Wakefield,CUSHMAN AND WAKEFIELD,Cushman & Wakefield Fidelity,CUSHMAN AND WAKEFIELD,Chain Rule,TRUE,19
Cushman and Wakefield,CUSHMAN AND WAKEFIELD,Cushman & Wakefield Humana,CUSHMAN AND WAKEFIELD,Chain Rule,TRUE,19
Cushman and Wakefield,CUSHMAN AND WAKEFIELD,Cushman & Wakefield Monroe,CUSHMAN AND WAKEFIELD,Chain Rule,TRUE,19
Cushman and Wakefield,CUSHMAN AND WAKEFIELD,"Cushman & Wakefield U.S., Inc.",CUSHMAN AND WAKEFIELD,Chain Rule,TRUE,19
Cushman and Wakefield,CUSHMAN AND WAKEFIELD,Cushman & Wakefield Us Inc,CUSHMAN AND WAKEFIELD,Chain Rule,TRUE,19
Cushman and Wakefield,CUSHMAN AND WAKEFIELD,Cushman & Wakefield/Cornerstone,CUSHMAN AND WAKEFIELD,Chain Rule,TRUE,19
Cushman and Wakefield,CUSHMAN AND WAKEFIELD,Cushman & Wakefiled Us Inc - Humana,CUSHMAN AND WAKEFIELD,Chain Rule,TRUE,19
Cushman and Wakefield,CUSHMAN AND WAKEFIELD,Thompson Logistics Assets Llc  C/O Cushman & Wakefield,THOMPSON LOGISTICS ASSETS,C/O Swap (Right Side Chain),TRUE,19
Cushman and Wakefield,CUSHMAN AND WAKEFIELD,Uscif Elam Farms Dc Llc C/O Cushman & Wakefiled Inc,USCIF ELAM FARMS DC,C/O Swap (Right Side Chain),TRUE,19
DTWPH2,DTWPH2,Dtwph2 C/O Nai,DTWPH2,C/O Strip,FALSE,1
Dayton Public Schools,DAYTON PUBLIC SCHOOLS,Dayton Public Schools,(Override),Manual Override,TRUE,2
Dayton Public Schools,DAYTON PUBLIC SCHOOLS,Dayton Public Schools District,(Override),Manual Override,TRUE,2
Ddc Dowell Springs,DDC DOWELL SPRINGS,Ddc Dowell Springs Llc C/O Realty Trust Group Llc,DDC DOWELL SPRINGS,C/O Strip,FALSE,1
Deaconess Memorial,DEACONESS MEMORIAL,Deaconess Long Term Care Of Oh,(Override),Manual Override,TRUE,2
Deaconess Memorial,DEACONESS MEMORIAL,Deaconess Memorial Medical Center,(Override),Manual Override,TRUE,2
Deerfield Township,DEERFIELD TOWNSHIP,Deerfield Township,(Override),Manual Override,TRUE,2
Deerfield Township,DEERFIELD TOWNSHIP,Deerfield Township Fire Department #58,(Override),Manual Override,TRUE,2
Der Development,DER DEVELOPMENT,D.E.R. Development,DER DEVELOPMENT,Merge,TRUE,2
Der Development,DER DEVELOPMENT,Der Development Llc,DER DEVELOPMENT,Merge,TRUE,2
Dermatology Assoc of KY,DERMATOLOGY ASSOC OF KY,Dermatology Assoc Of Ky C/O Haymaker Property Management,DERMATOLOGY ASSOC OF KY,C/O Strip,FALSE,1
Dhl,DHL,Dhl Cvg,(Override),Manual Override,TRUE,8
Dhl,DHL,Dhl Express,(Override),Manual Override,TRUE,8
Dhl,DHL,Dhl Express Inc,(Override),Manual Override,TRUE,8
Dhl,DHL,Dhl Global,(Override),Manual Override,TRUE,8
Dhl,DHL,Dhl Supply Chain,(Override),Manual Override,TRUE,8
Dhl,DHL,Dhl Supply Chain - Cost Center - 1377,(Override),Manual Override,TRUE,8
Dhl,DHL,Dhl Supply Chain - Cost Center - 5815,(Override),Manual Override,TRUE,8
Dhl,DHL,Dhl Supply Chain Cc5473,(Override),Manual Override,TRUE,8
Do Not Use Knoxville Properties PARTNERSHIP2CS,DO NOT USE KNOXVILLE PROPERTIES PARTNERSHIP2CS,Do Not Use Knoxville Properties Partnership-2Cs C/O Avison Young,DO NOT USE KNOXVILLE PROPERTIES PARTNERSHIP2CS,C/O Strip,FALSE,1
Dollar General,DOLLAR GENERAL,Dollar General,DOLLAR GENERAL,Chain Rule,FALSE,1
Downtown West Village II Owners Association,DOWNTOWN WEST VILLAGE II OWNERS ASSOCIATION,Downtown West Village Ii Owners Association Inc C/O Blue Ridge R,DOWNTOWN WEST VILLAGE II OWNERS ASSOCIATION,C/O Strip,FALSE,1
Dtwp,DTWP,Dtwp C/O Nai,DTWP,C/O Strip,FALSE,1
Eagle Realty Group,EAGLE REALTY GROUP,Eagle Realty Group,EAGLE REALTY GROUP,Merge,TRUE,2
Eagle Realty Group,EAGLE REALTY GROUP,Eagle Realty Group,EAGLE REALTY GROUP,Merge,TRUE,2
Eby Brown,EBY BROWN,Eby Brown,EBY BROWN,Merge,TRUE,2
Eby Brown,EBY BROWN,Eby Brown,EBY BROWN,Merge,TRUE,2
Emily Lichtenberg Construction,EMILY LICHTENBERG CONSTRUCTION,"Emily Lichtenberg Construction, Inc.",EMILY LICHTENBERG CONSTRUCTION,Merge,TRUE,2
Emily Lichtenberg Construction,EMILY LICHTENBERG CONSTRUCTION,"Emily Lichtenberg Construction, Inc.",EMILY LICHTENBERG CONSTRUCTION,Merge,TRUE,2
Endress and Hauser,ENDRESS AND HAUSER,"Endress & Hauser, Inc.",ENDRESS AND HAUSER,Merge,TRUE,2
Endress and Hauser,ENDRESS AND HAUSER,Endress + Hauser,ENDRESS AND HAUSER,Merge,TRUE,2
Enzo Building and Design,ENZO BUILDING AND DESIGN,Enzo Building & Design,ENZO BUILDING AND DESIGN,Merge,TRUE,3
Enzo Building and Design,ENZO BUILDING AND DESIGN,"Enzo Building & Design, Llc",ENZO BUILDING AND DESIGN,Merge,TRUE,3
Enzo Building and Design,ENZO BUILDING AND DESIGN,Enzo Building And Design,ENZO BUILDING AND DESIGN,Merge,TRUE,3
Equitrans Midstream,EQUITRANS MIDSTREAM,Equitrans Midstream,EQUITRANS MIDSTREAM,Merge,TRUE,2
Equitrans Midstream,EQUITRANS MIDSTREAM,Equitrans Midstream Corporation,EQUITRANS MIDSTREAM,Merge,TRUE,2
Equity Group Four,EQUITY GROUP FOUR,"Equity Group Four, Llc",EQUITY GROUP FOUR,Merge,TRUE,2
Equity Group Four,EQUITY GROUP FOUR,The Equity Group Four,EQUITY GROUP FOUR,Merge,TRUE,2
Ev Bishoff,EV BISHOFF,Ev Bishoff C/O Princeton Hill Properties Llc,EV BISHOFF,C/O Strip,FALSE,1
Evans Energy,EVANS ENERGY,Evans Energy,EVANS ENERGY,Merge,TRUE,2
Evans Energy,EVANS ENERGY,Evans Energy Llc,EVANS ENERGY,Merge,TRUE,2
Evenflo,EVENFLO,Evenflo Co Inc,EVENFLO,C/O Strip,FALSE,1
Expression Manufacturing,EXPRESSION MANUFACTURING,Expression Manufacturing,EXPRESSION MANUFACTURING,Merge,TRUE,2
Expression Manufacturing,EXPRESSION MANUFACTURING,Expression Manufacturing Llc,EXPRESSION MANUFACTURING,Merge,TRUE,2
Feintool Cincinnati,FEINTOOL CINCINNATI,Feintool Cincinnati Inc.,FEINTOOL CINCINNATI,Merge,TRUE,2
Feintool Cincinnati,FEINTOOL CINCINNATI,Feintool Cincinnati Inc.,FEINTOOL CINCINNATI,Merge,TRUE,2
First Baptist Church of Bowling Green,FIRST BAPTIST CHURCH OF BOWLING GREEN,First Baptist Church Of Bowling Green,FIRST BAPTIST CHURCH OF BOWLING GREEN,Merge,TRUE,2
First Baptist Church of Bowling Green,FIRST BAPTIST CHURCH OF BOWLING GREEN,First Baptist Church Of Bowling Green,FIRST BAPTIST CHURCH OF BOWLING GREEN,Merge,TRUE,2
First Federal Bank,FIRST FEDERAL BANK,First Federal Bank Burns,(Override),Manual Override,TRUE,10
First Federal Bank,FIRST FEDERAL BANK,First Federal Bank Centerville,(Override),Manual Override,TRUE,10
First Federal Bank,FIRST FEDERAL BANK,First Federal Bank Charlotte,(Override),Manual Override,TRUE,10
First Federal Bank,FIRST FEDERAL BANK,First Federal Bank Dickson,(Override),Manual Override,TRUE,10
First Federal Bank,FIRST FEDERAL BANK,First Federal Bank Fairview,(Override),Manual Override,TRUE,10
First Federal Bank,FIRST FEDERAL BANK,First Federal Bank Hwy 46 Dickson,(Override),Manual Override,TRUE,10
First Federal Bank,FIRST FEDERAL BANK,First Federal Bank Main,(Override),Manual Override,TRUE,10
First Federal Bank,FIRST FEDERAL BANK,First Federal Bank Mcewen,(Override),Manual Override,TRUE,10
First Federal Bank,FIRST FEDERAL BANK,First Federal Bank Vanleer,(Override),Manual Override,TRUE,10
First Federal Bank,FIRST FEDERAL BANK,First Federal Bank White Bluff,(Override),Manual Override,TRUE,10
Fishers Medical Group,FISHERS MEDICAL GROUP,Fishers Medical Group C/O Alo Property Management,FISHERS MEDICAL GROUP,C/O Strip,FALSE,1
Flagship Healthcare Properties,FLAGSHIP HEALTHCARE PROPERTIES,Farragut Pointe C/O Flagship Healthcare Properties,FARRAGUT POINTE,C/O Swap (Right Side Chain),TRUE,8
Flagship Healthcare Properties,FLAGSHIP HEALTHCARE PROPERTIES,Flagship Alysheba Lexington Llc C/O Flagship Healthcare Property,FLAGSHIP HEALTHCARE PROPERTIES,C/O Swap (Right Side Chain),TRUE,8
Flagship Healthcare Properties,FLAGSHIP HEALTHCARE PROPERTIES,Flagship Healthcare Properties Llc,FLAGSHIP HEALTHCARE PROPERTIES,Chain Rule,TRUE,8
Flagship Healthcare Properties,FLAGSHIP HEALTHCARE PROPERTIES,Flagship Knoxville Parkside Llc C/O Flagship Healthcare Properti,FLAGSHIP HEALTHCARE PROPERTIES,C/O Swap (Right Side Chain),TRUE,8
Flagship Healthcare Properties,FLAGSHIP HEALTHCARE PROPERTIES,Flagship New Albany Grant Line Llc C/O Flagship Healthcare Prope,FLAGSHIP HEALTHCARE PROPERTIES,C/O Swap (Right Side Chain),TRUE,8
Flagship Healthcare Properties,FLAGSHIP HEALTHCARE PROPERTIES,Flagship Physicians Jackson Llc C/O Flagship Healthcare Properti,FLAGSHIP HEALTHCARE PROPERTIES,C/O Swap (Right Side Chain),TRUE,8
Flagship Healthcare Properties,FLAGSHIP HEALTHCARE PROPERTIES,Spt Ivey Dowell Springs Mob Llc C/O Flagship Helathcare Properti,SPT IVEY DOWELL SPRINGS MOB,C/O Swap (Right Side Chain),TRUE,8
Flagship Healthcare Properties,FLAGSHIP HEALTHCARE PROPERTIES,Spt Ivey Old Weisgarber Mob Llc C/O Flagship Healthcare Properti,SPT IVEY OLD WEISGARBER MOB,C/O Swap (Right Side Chain),TRUE,8
Flint Group,FLINT GROUP,Flint Group,FLINT GROUP,Merge,TRUE,2
Flint Group,FLINT GROUP,Flint Group,FLINT GROUP,Merge,TRUE,2
Franklin Brazing and Metal Treatment,FRANKLIN BRAZING AND METAL TREATMENT,Franklin Brazing,FRANKLIN BRAZING,"Fuzzy Merge, Master Merge Override",TRUE,2
Franklin Brazing and Metal Treatment,FRANKLIN BRAZING AND METAL TREATMENT,Franklin Brazing & Metal Treatment,FRANKLIN BRAZING AND METAL TREATMENT,Merge,TRUE,2
Freeman Schwabe,FREEMAN SCHWABE,Freeman Schwabe,FREEMAN SCHWABE,Merge,TRUE,2
Freeman Schwabe,FREEMAN SCHWABE,Freeman Schwabe,FREEMAN SCHWABE,Merge,TRUE,2
Fresenius Medical Care,FRESENIUS MEDICAL CARE,Fresenius Kidney Care,(Override),Manual Override,TRUE,34
Fresenius Medical Care,FRESENIUS MEDICAL CARE,"Fresenius Kidney Care, Fms Liberty Milford",(Override),Manual Override,TRUE,34
Fresenius Medical Care,FRESENIUS MEDICAL CARE,"Fresenius Kidney Care, Fms West Hamilton",(Override),Manual Override,TRUE,34
Fresenius Medical Care,FRESENIUS MEDICAL CARE,Fresenius Medical Care,(Override),Manual Override,TRUE,34
Fresenius Medical Care,FRESENIUS MEDICAL CARE,Fresenius Medical Care,(Override),Manual Override,TRUE,34
Fresenius Medical Care,FRESENIUS MEDICAL CARE,Fresenius Medical Care,(Override),Manual Override,TRUE,34
Fresenius Medical Care,FRESENIUS MEDICAL CARE,Fresenius Medical Care - Beckley Solar Dr,(Override),Manual Override,TRUE,34
Fresenius Medical Care,FRESENIUS MEDICAL CARE,Fresenius Medical Care - Belpre,(Override),Manual Override,TRUE,34
Fresenius Medical Care,FRESENIUS MEDICAL CARE,Fresenius Medical Care - Boone County,(Override),Manual Override,TRUE,34
Fresenius Medical Care,FRESENIUS MEDICAL CARE,Fresenius Medical Care - Charleston,(Override),Manual Override,TRUE,34
Fresenius Medical Care,FRESENIUS MEDICAL CARE,Fresenius Medical Care - Dunbar,(Override),Manual Override,TRUE,34
Fresenius Medical Care,FRESENIUS MEDICAL CARE,Fresenius Medical Care - Edgewood,(Override),Manual Override,TRUE,34
Fresenius Medical Care,FRESENIUS MEDICAL CARE,Fresenius Medical Care - Fairfield,(Override),Manual Override,TRUE,34
Fresenius Medical Care,FRESENIUS MEDICAL CARE,Fresenius Medical Care - Franklin,(Override),Manual Override,TRUE,34
Fresenius Medical Care,FRESENIUS MEDICAL CARE,Fresenius Medical Care - Gallipolis,(Override),Manual Override,TRUE,34
Fresenius Medical Care,FRESENIUS MEDICAL CARE,Fresenius Medical Care - Glasgow,(Override),Manual Override,TRUE,34
Fresenius Medical Care,FRESENIUS MEDICAL CARE,Fresenius Medical Care - Goodman Ave,(Override),Manual Override,TRUE,34
Fresenius Medical Care,FRESENIUS MEDICAL CARE,Fresenius Medical Care - Grove City,(Override),Manual Override,TRUE,34
Fresenius Medical Care,FRESENIUS MEDICAL CARE,Fresenius Medical Care - Hamilton,(Override),Manual Override,TRUE,34
Fresenius Medical Care,FRESENIUS MEDICAL CARE,Fresenius Medical Care - Huntington,(Override),Manual Override,TRUE,34
Fresenius Medical Care,FRESENIUS MEDICAL CARE,Fresenius Medical Care - Jackson,(Override),Manual Override,TRUE,34
Fresenius Medical Care,FRESENIUS MEDICAL CARE,Fresenius Medical Care - Kings Mills,(Override),Manual Override,TRUE,34
Fresenius Medical Care,FRESENIUS MEDICAL CARE,Fresenius Medical Care - Lyda Avenue,(Override),Manual Override,TRUE,34
Fresenius Medical Care,FRESENIUS MEDICAL CARE,Fresenius Medical Care - Marietta Oh,(Override),Manual Override,TRUE,34
Fresenius Medical Care,FRESENIUS MEDICAL CARE,Fresenius Medical Care - Ripley,(Override),Manual Override,TRUE,34
Fresenius Medical Care,FRESENIUS MEDICAL CARE,Fresenius Medical Care - Southwest Lexington,(Override),Manual Override,TRUE,34
Fresenius Medical Care,FRESENIUS MEDICAL CARE,Fresenius Medical Care - Talawanda,(Override),Manual Override,TRUE,34
Fresenius Medical Care,FRESENIUS MEDICAL CARE,Fresenius Medical Care - Washington Courthouse,(Override),Manual Override,TRUE,34
Fresenius Medical Care,FRESENIUS MEDICAL CARE,Fresenius Medical Care Himg,(Override),Manual Override,TRUE,34
Fresenius Medical Care,FRESENIUS MEDICAL CARE,Fresenius Medical Care North America,(Override),Manual Override,TRUE,34
Fresenius Medical Care,FRESENIUS MEDICAL CARE,Fresenius Medical Care Powell Tn,(Override),Manual Override,TRUE,34
Fresenius Medical Care,FRESENIUS MEDICAL CARE,Fresenius Medical Care Tri Cities - Billing,(Override),Manual Override,TRUE,34
Fresenius Medical Care,FRESENIUS MEDICAL CARE,Freshies Ice Cream And Soda,(Override),Manual Override,TRUE,34
Fresenius Medical Care,FRESENIUS MEDICAL CARE,Freudenburg Medical Llc,(Override),Manual Override,TRUE,34
Fritz Farm Retail,FRITZ FARM RETAIL,Fritz Farm Retail Company Llc C/O Bayer Properties Llc,FRITZ FARM RETAIL,C/O Strip,FALSE,1
Frontier Communications,FRONTIER COMMUNICATIONS,Frontier A Citizens Communications Company,FRONTIER A CITIZENS COMMUNICATIONS,"Fuzzy Merge, Master Merge Override",TRUE,4
Frontier Communications,FRONTIER COMMUNICATIONS,Frontier Communications,FRONTIER COMMUNICATIONS,Merge,TRUE,4
Frontier Communications,FRONTIER COMMUNICATIONS,"Frontier Communications Corporate Services, Inc.",FRONTIER COMMUNICATIONS CORPORATE SERVICES,"Fuzzy Merge, Master Merge Override",TRUE,4
Frontier Communications,FRONTIER COMMUNICATIONS,"Frontier, A Citizens Communications Company",FRONTIER A CITIZENS COMMUNICATIONS,"Fuzzy Merge, Master Merge Override",TRUE,4
Galatians Too,GALATIANS TOO,Galatians Too Llc C/O Equity,GALATIANS TOO,C/O Strip,FALSE,1
General Polymers,GENERAL POLYMERS,General Polymers,GENERAL POLYMERS,Merge,TRUE,2
General Polymers,GENERAL POLYMERS,General Polymers,GENERAL POLYMERS,Merge,TRUE,2
George Steel Fabricating,GEORGE STEEL FABRICATING,George Steel Fabricating,GEORGE STEEL FABRICATING,Merge,TRUE,2
George Steel Fabricating,GEORGE STEEL FABRICATING,"George Steel Fabricating, Inc",GEORGE STEEL FABRICATING,Merge,TRUE,2
Georgetown Community Hospital,GEORGETOWN COMMUNITY HOSPITAL,Georgetown Community Hospital C/O Jones Lang Lasale Americas Inc,GEORGETOWN COMMUNITY HOSPITAL,C/O Strip,FALSE,1
Gf Frank and Sons,GF FRANK AND SONS,Gf Frank & Sons,GF FRANK AND SONS,Merge,TRUE,2
Gf Frank and Sons,GF FRANK AND SONS,Gf Frank & Sons Inc.,GF FRANK AND SONS,Merge,TRUE,2
Good Huber Mob,GOOD HUBER MOB,Good Huber Mob Llc C/O Equity,GOOD HUBER MOB,C/O Strip,FALSE,1
Gordian Design and Construction,GORDIAN DESIGN AND CONSTRUCTION,"Gordian Design & Construction, Inc.",GORDIAN DESIGN AND CONSTRUCTION,Merge,TRUE,2
Gordian Design and Construction,GORDIAN DESIGN AND CONSTRUCTION,"Gordian Design & Construction, Inc.",GORDIAN DESIGN AND CONSTRUCTION,Merge,TRUE,2
Gpcm Lockerbie Partners,GPCM LOCKERBIE PARTNERS,Gp-Cm Lockerbie Partners Llc C/O Citimark Management,GPCM LOCKERBIE PARTNERS,C/O Strip,FALSE,1
Greater Clark County Schools,GREATER CLARK COUNTY SCHOOLS,Greater Clark County Schools,GREATER CLARK COUNTY SCHOOLS,Merge,TRUE,2
Greater Clark County Schools,GREATER CLARK COUNTY SCHOOLS,Greater Clark County Schools,GREATER CLARK COUNTY SCHOOLS,Merge,TRUE,2
Green Hills Office Partners,GREEN HILLS OFFICE PARTNERS,Green Hills Office Partners Llc C/O Brookside Properties Inc,GREEN HILLS OFFICE PARTNERS,C/O Strip,FALSE,1
Greenup County Fiscal Court,GREENUP COUNTY FISCAL COURT,Greenup County Detention Center,(Override),Manual Override,TRUE,2
Greenup County Fiscal Court,GREENUP COUNTY FISCAL COURT,Greenup County Fiscal Court,GREENUP COUNTY FISCAL COURT,Merge,TRUE,2
Hamilton Health Care System,HAMILTON HEALTH CARE SYSTEM,Hamilton Health Care System C/O Realty Trust Group,HAMILTON HEALTH CARE SYSTEM,C/O Strip,FALSE,1
Hamilton Safe,HAMILTON SAFE,Hamilton Safe,HAMILTON SAFE,Merge,TRUE,2
Hamilton Safe,HAMILTON SAFE,Hamilton Safe,HAMILTON SAFE,Merge,TRUE,2
Harper Auto,HARPER AUTO,Harper,(Override),Manual Override,TRUE,6
Harper Auto,HARPER AUTO,Harper Acura,(Override),Manual Override,TRUE,6
Harper Auto,HARPER AUTO,Harper Green House,(Override),Manual Override,TRUE,6
Harper Auto,HARPER AUTO,Harper Infiniti,(Override),Manual Override,TRUE,6
Harper Auto,HARPER AUTO,Harper Jaguar,(Override),Manual Override,TRUE,6
Harper Auto,HARPER AUTO,Harper Jeep,(Override),Manual Override,TRUE,6
Hasfam,HASFAM,Hasfam Llc C/O Premier Property Management Llc,HASFAM,C/O Strip,FALSE,1
Hendersonville Hf Assets,HENDERSONVILLE HF ASSETS,Hendersonville Hf Assets C/O Premier Property Management Llc,HENDERSONVILLE HF ASSETS,C/O Strip,FALSE,1
Henry Schein,HENRY SCHEIN,Henry Schein Inc,HENRY SCHEIN,Merge,TRUE,2
Henry Schein,HENRY SCHEIN,"Henry Schein, Inc.",HENRY SCHEIN,Merge,TRUE,2
Hh Parkside,HH PARKSIDE,Hh Parkside Llc,HH PARKSIDE,Merge,TRUE,2
Hh Parkside,HH PARKSIDE,Hhb Parkside Llc,HHB PARKSIDE,Fuzzy Merge,TRUE,2
Holrob Commercial Realty,HOLROB COMMERCIAL REALTY,Holrob Commercial Realty Llc,HOLROB COMMERCIAL REALTY,Merge,TRUE,3
Holrob Commercial Realty,HOLROB COMMERCIAL REALTY,Holrob Commercial Realty Llc,HOLROB COMMERCIAL REALTY,Merge,TRUE,3
Holrob Commercial Realty,HOLROB COMMERCIAL REALTY,"Holrob Commercial Realty, Llc",HOLROB COMMERCIAL REALTY,Merge,TRUE,3
Holrob Johnson City I,HOLROB JOHNSON CITY I,Holrob Johnson City I C/O Realty Trust Group,HOLROB JOHNSON CITY I,C/O Strip,FALSE,1
Holrob Schaffler Partnership,HOLROB SCHAFFLER PARTNERSHIP,Holrob - Schaffler Partnership C/O Premier Property Management L,(Override),Manual Override,TRUE,3
Holrob Schaffler Partnership,HOLROB SCHAFFLER PARTNERSHIP,Holrob - Schaffler Partnership I C/O Premier Property Management,(Override),Manual Override,TRUE,3
Holrob Schaffler Partnership,HOLROB SCHAFFLER PARTNERSHIP,Holrob - Schaffler Partnership Vi C/O Premier Property Managemen,(Override),Manual Override,TRUE,3
Holrob Southern Holding Gp,HOLROB SOUTHERN HOLDING GP,Holrob Southern Holding Gp C/O Premier Property Management Llc,HOLROB SOUTHERN HOLDING GP,C/O Strip,FALSE,1
Holrob Spur Gp,HOLROB SPUR GP,Holrob Spur Gp C/O Premier Property Management Llc,HOLROB SPUR GP,C/O Strip,FALSE,1
Home Depot,HOME DEPOT,Home Depot Usa Inc,HOME DEPOT,Chain Rule,FALSE,1
Honda Transmission Plant,HONDA TRANSMISSION PLANT,Honda Transmission Plant,HONDA TRANSMISSION PLANT,Merge,TRUE,2
Honda Transmission Plant,HONDA TRANSMISSION PLANT,Honda Transmission Plant,HONDA TRANSMISSION PLANT,Merge,TRUE,2
Hunt Builders,HUNT BUILDERS,Hunt Builders,HUNT BUILDERS,Merge,TRUE,2
Hunt Builders,HUNT BUILDERS,Hunt Builders Corp,HUNT BUILDERS,Merge,TRUE,2
Huntington Bank,HUNTINGTON BANK,Huntington Bowling Llc Dba Strikezone,HUNTINGTON BANK,Chain Rule,FALSE,1
Hydronic and Steam Equipment,HYDRONIC AND STEAM EQUIPMENT,Hydronic & Steam Equipment Co Inc,HYDRONIC AND STEAM EQUIPMENT,C/O Strip,FALSE,1
I3 Investors,I3 INVESTORS,I3 Investors,I3 INVESTORS,Merge,TRUE,3
I3 Investors,I3 INVESTORS,I3 Investors Llc,I3 INVESTORS,Merge,TRUE,3
I3 Investors,I3 INVESTORS,I3 Investors Llc,I3 INVESTORS,Merge,TRUE,3
Ingersoll-Rand,INGERSOLL-RAND,Ingersoll Rand,(Override),Manual Override,TRUE,2
Ingersoll-Rand,INGERSOLL-RAND,Ingersoll-Rand Customer Center,(Override),Manual Override,TRUE,2
Intralot,INTRALOT,"Intralot, Inc.",INTRALOT,Merge,TRUE,2
Intralot,INTRALOT,"Intralot, Inc.",INTRALOT,Merge,TRUE,2
Iu Health,IU HEALTH,"Iu Health C/O Cornerstone Companies, Inc.",IU HEALTH,C/O Strip,FALSE,1
JLL Property Management,JLL PROPERTY MANAGEMENT,8200 Haverstick Llc C/O Jll,(Override),Manual Override,TRUE,10
JLL Property Management,JLL PROPERTY MANAGEMENT,Canal Winchester Logistics Llc C/O Jll,(Override),Manual Override,TRUE,10
JLL Property Management,JLL PROPERTY MANAGEMENT,"Coi New Albany 525, Llc. C/O Jll",(Override),Manual Override,TRUE,10
JLL Property Management,JLL PROPERTY MANAGEMENT,Hmw Logistics 10 Llc C/O Jll Property Management,(Override),Manual Override,TRUE,10
JLL Property Management,JLL PROPERTY MANAGEMENT,Idi Logistics Services Group Llc C/O Jll Property Management,(Override),Manual Override,TRUE,10
JLL Property Management,JLL PROPERTY MANAGEMENT,Idil Pond Station Llc C/O Jll,(Override),Manual Override,TRUE,10
JLL Property Management,JLL PROPERTY MANAGEMENT,Jll Industrial Property Management,(Override),Manual Override,TRUE,10
JLL Property Management,JLL PROPERTY MANAGEMENT,Park South B Llc C/O Jll Property Management,(Override),Manual Override,TRUE,10
JLL Property Management,JLL PROPERTY MANAGEMENT,Park West N-2 Llc C/O Jll Property Management,(Override),Manual Override,TRUE,10
JLL Property Management,JLL PROPERTY MANAGEMENT,Stag Industrial Llc C/O Jll Property Management,(Override),Manual Override,TRUE,10
Jackson Control,JACKSON CONTROL,Jackson Control Co Inc,JACKSON CONTROL,C/O Strip,FALSE,1
Jefferson County Schools,JEFFERSON COUNTY SCHOOLS,Jefferson County Schools,JEFFERSON COUNTY SCHOOLS,Merge,TRUE,2
Jefferson County Schools,JEFFERSON COUNTY SCHOOLS,Jefferson County Schools,JEFFERSON COUNTY SCHOOLS,Merge,TRUE,2
Jessamine County Fiscal Court,JESSAMINE COUNTY FISCAL COURT,Jessamine Co Fiscal Court,(Override),Manual Override,TRUE,3
Jessamine County Fiscal Court,JESSAMINE COUNTY FISCAL COURT,Jessamine Co. Det. Ctr.,(Override),Manual Override,TRUE,3
Jessamine County Fiscal Court,JESSAMINE COUNTY FISCAL COURT,Jessamine County Fiscal Court,(Override),Manual Override,TRUE,3
Jessies Landing Condominium,JESSIES LANDING CONDOMINIUM,Jessies Landing Condominium C/O Towne Properties,JESSIES LANDING CONDOMINIUM,C/O Strip,FALSE,1
Jm Smucker,JM SMUCKER,J.M. Smucker Company,JM SMUCKER,Merge,TRUE,2
Jm Smucker,JM SMUCKER,"Jm Smucker Company, Llc",JM SMUCKER,Merge,TRUE,2
Jw Marriott,JW MARRIOTT,J.W. Marriot,JW MARRIOT,"Fuzzy Merge, Master Merge Override",FALSE,1
K and L Allstar Investments,K AND L ALLSTAR INVESTMENTS,K&L Allstar Investments Llc C/O Equity,K AND L ALLSTAR INVESTMENTS,C/O Strip,FALSE,1
Kajima Building and Design Group,KAJIMA BUILDING AND DESIGN GROUP,"Kajima Building & Design Group, Inc",KAJIMA BUILDING AND DESIGN GROUP,Merge,TRUE,2
Kajima Building and Design Group,KAJIMA BUILDING AND DESIGN GROUP,"Kajima Building & Design Group, Inc.",KAJIMA BUILDING AND DESIGN GROUP,Merge,TRUE,2
Kenco Logistics,KENCO LOGISTICS,Kenco Logistics,KENCO LOGISTICS,Merge,TRUE,2
Kenco Logistics,KENCO LOGISTICS,Kenco Logistics,KENCO LOGISTICS,Merge,TRUE,2
Khdar,KHDAR,"Khd-Ar, Llc C/O Neyer Management",KHDAR,C/O Strip,FALSE,1
Knoxville Eye Care Associates,KNOXVILLE EYE CARE ASSOCIATES,Knoxville Eye Care Associates C/O Realty Trust Group,KNOXVILLE EYE CARE ASSOCIATES,C/O Strip,FALSE,1
Knoxville Properties Partnershipapp,KNOXVILLE PROPERTIES PARTNERSHIPAPP,Knoxville Properties Partnership-App C/O Avison Young,KNOXVILLE PROPERTIES PARTNERSHIPAPP,C/O Strip,FALSE,1
Kroger,KROGER,Kroger Logistics,KROGER,Chain Rule,FALSE,1
Land Oak 2,LAND OAK 2,Land Oak 2 C/O Nai,LAND OAK 2,C/O Strip,FALSE,1
Landen Square 3,LANDEN SQUARE 3,Landen Square 3 Llc Co Integris Ventures,LANDEN SQUARE 3,C/O Strip,FALSE,1
Lawrence County OH,LAWRENCE COUNTY OH,Lawrence County Commissioners,(Override),Manual Override,TRUE,4
Lawrence County OH,LAWRENCE COUNTY OH,Lawrence County Courthouse,(Override),Manual Override,TRUE,4
Lawrence County OH,LAWRENCE COUNTY OH,Lawrence County Department Of Jobs And Family Services,(Override),Manual Override,TRUE,4
Lawrence County OH,LAWRENCE COUNTY OH,Lawrence County Djfs,(Override),Manual Override,TRUE,4
Lazarus Partnership Nmp,LAZARUS PARTNERSHIP NMP,Lazarus Partnership - Nmp C/O Avison Young,LAZARUS PARTNERSHIP NMP,C/O Strip,FALSE,1
Lowes,LOWES,Lowes 3311,LOWES,Chain Rule,FALSE,1
MT Holdings,MT HOLDINGS,Mt Holdings C/O Nai Nashville Stanton Group,MT HOLDINGS,C/O Strip,FALSE,1
Madison County Fiscal Court,MADISON COUNTY FISCAL COURT,Madison County Fiscal Court,MADISON COUNTY FISCAL COURT,Merge,TRUE,2
Madison County Fiscal Court,MADISON COUNTY FISCAL COURT,Madison County Fiscal Court,MADISON COUNTY FISCAL COURT,Merge,TRUE,2
Magna Properties,MAGNA PROPERTIES,Magna Properties,MAGNA PROPERTIES,Merge,TRUE,2
Magna Properties,MAGNA PROPERTIES,Magna Properties Ltd,MAGNA PROPERTIES,Merge,TRUE,2
Mark Spaulding Construction,MARK SPAULDING CONSTRUCTION,Mark Spaulding Construction,MARK SPAULDING CONSTRUCTION,Merge,TRUE,2
Mark Spaulding Construction,MARK SPAULDING CONSTRUCTION,Mark Spaulding Construction Company,MARK SPAULDING CONSTRUCTION,Merge,TRUE,2
Mayfield Medical,MAYFIELD MEDICAL,Mayfield Medical Llc C/O Crown Medrealty,MAYFIELD MEDICAL,C/O Strip,FALSE,1
Mazak,MAZAK,Mazak,MAZAK,Merge,TRUE,2
Mazak,MAZAK,Mazak Corporation,MAZAK,Merge,TRUE,2
Mclean County Fiscal Court,MCLEAN COUNTY FISCAL COURT,Mclean County Fiscal Court,MCLEAN COUNTY FISCAL COURT,Merge,TRUE,2
Mclean County Fiscal Court,MCLEAN COUNTY FISCAL COURT,Mclean County Fiscal Court,MCLEAN COUNTY FISCAL COURT,Merge,TRUE,2
Midsouth Building III Reit,MIDSOUTH BUILDING III REIT,Midsouth Building Iii Reit Llc C/O Foundry Commercial,MIDSOUTH BUILDING III REIT,C/O Strip,FALSE,1
Midwest Properties,MIDWEST PROPERTIES,Midwest Properties,MIDWEST PROPERTIES,Merge,TRUE,2
Midwest Properties,MIDWEST PROPERTIES,Midwest Properties,MIDWEST PROPERTIES,Merge,TRUE,2
Mig Partners,MIG PARTNERS,Mig Partners C/O Avison Young,MIG PARTNERS,C/O Strip,FALSE,1
Millers Textile Services,MILLERS TEXTILE SERVICES,Miller'S Textile Services,MILLERS TEXTILE SERVICES,Merge,TRUE,2
Millers Textile Services,MILLERS TEXTILE SERVICES,Miller'S Textile Services,MILLERS TEXTILE SERVICES,Merge,TRUE,2
Morgan County IN,MORGAN COUNTY IN,Morgan County Administration Bulding,(Override),Manual Override,TRUE,2
Morgan County IN,MORGAN COUNTY IN,Morgan County Board Of Commissioners,(Override),Manual Override,TRUE,2
Morning Pointe,MORNING POINTE,Morning Pointe,(Override),Manual Override,TRUE,14
Morning Pointe,MORNING POINTE,Morning Pointe - Franklin,(Override),Manual Override,TRUE,14
Morning Pointe,MORNING POINTE,Morning Pointe - Lantern,(Override),Manual Override,TRUE,14
Morning Pointe,MORNING POINTE,Morning Pointe Of Brentwood,(Override),Manual Override,TRUE,14
Morning Pointe,MORNING POINTE,Morning Pointe Of Clinton,(Override),Manual Override,TRUE,14
Morning Pointe,MORNING POINTE,Morning Pointe Of Columbia,(Override),Manual Override,TRUE,14
Morning Pointe,MORNING POINTE,Morning Pointe Of Greenville,(Override),Manual Override,TRUE,14
Morning Pointe,MORNING POINTE,Morning Pointe Of Hardin Valley,(Override),Manual Override,TRUE,14
Morning Pointe,MORNING POINTE,Morning Pointe Of Knoxville,(Override),Manual Override,TRUE,14
Morning Pointe,MORNING POINTE,Morning Pointe Of Lenoir City,(Override),Manual Override,TRUE,14
Morning Pointe,MORNING POINTE,Morning Pointe Of Lenoir City - The Lantern,(Override),Manual Override,TRUE,14
Morning Pointe,MORNING POINTE,Morning Pointe Of Powell,(Override),Manual Override,TRUE,14
Morning Pointe,MORNING POINTE,Morning Pointe Of Tullahoma,(Override),Manual Override,TRUE,14
Morning Pointe,MORNING POINTE,Morning Pt Knoxville The Lantern,(Override),Manual Override,TRUE,14
Nashville Office 1,NASHVILLE OFFICE 1,Nashville Office 1 Llc C/O Foundry Commercial,NASHVILLE OFFICE 1,C/O Strip,FALSE,1
New Riff Distilling,NEW RIFF DISTILLING,New Riff Distilling,NEW RIFF DISTILLING,Merge,TRUE,2
New Riff Distilling,NEW RIFF DISTILLING,New Riff Distilling,NEW RIFF DISTILLING,Merge,TRUE,2
Newly Weds Foods,NEWLY WEDS FOODS,Newly Weds Foods,NEWLY WEDS FOODS,Merge,TRUE,3
Newly Weds Foods,NEWLY WEDS FOODS,Newly Weds Foods,NEWLY WEDS FOODS,Merge,TRUE,3
Newly Weds Foods,NEWLY WEDS FOODS,"Newly Weds Foods, Inc",NEWLY WEDS FOODS,Merge,TRUE,3
Neyer Properties,NEYER PROPERTIES,Neyer Management,(Override),Manual Override,TRUE,3
Neyer Properties,NEYER PROPERTIES,Neyer Management,(Override),Manual Override,TRUE,3
Neyer Properties,NEYER PROPERTIES,Neyer Properties,(Override),Manual Override,TRUE,3
Northpoint Development,NORTHPOINT DEVELOPMENT,Norhtpoint Development,NORHTPOINT DEVELOPMENT,Fuzzy Merge,TRUE,2
Northpoint Development,NORTHPOINT DEVELOPMENT,Northpoint Development,NORTHPOINT DEVELOPMENT,Merge,TRUE,2
O and M Holdings,O AND M HOLDINGS,"O&M Holdings, Llc C/O Ims Inc",O AND M HOLDINGS,C/O Strip,FALSE,1
Ogara Hess and Eisenhargt Armoring,OGARA HESS AND EISENHARGT ARMORING,O'Gara Hess & Eisenhargt Armoring Co Llc,OGARA HESS AND EISENHARGT ARMORING,C/O Strip,FALSE,1
Ohio Valley Chapter Abc,OHIO VALLEY CHAPTER ABC,Ohio Valley Chapter Abc,OHIO VALLEY CHAPTER ABC,Merge,TRUE,2
Ohio Valley Chapter Abc,OHIO VALLEY CHAPTER ABC,Ohio Valley Chapter Abc,OHIO VALLEY CHAPTER ABC,Merge,TRUE,2
Olive Garden,OLIVE GARDEN,Olive Garden,OLIVE GARDEN,Merge,TRUE,3
Olive Garden,OLIVE GARDEN,Olive Garden,OLIVE GARDEN,Merge,TRUE,3
Olive Garden,OLIVE GARDEN,Olive Garden,OLIVE GARDEN,Merge,TRUE,3
Olivertolas Healthcare Packaging,OLIVERTOLAS HEALTHCARE PACKAGING,Oliver - Tolas Healthcare Packaging,OLIVER TOLAS HEALTHCARE PACKAGING,Fuzzy Merge,TRUE,2
Olivertolas Healthcare Packaging,OLIVERTOLAS HEALTHCARE PACKAGING,Oliver-Tolas Healthcare Packaging,OLIVERTOLAS HEALTHCARE PACKAGING,Merge,TRUE,2
On Display,ON DISPLAY,On Display Ltd,ON DISPLAY,Merge,TRUE,2
On Display,ON DISPLAY,On Display Ltd,ON DISPLAY,Merge,TRUE,2
Orangetheory Fitness,ORANGETHEORY FITNESS,Orange Theory Fitness Ironworks,ORANGETHEORY FITNESS,Chain Rule,TRUE,8
Orangetheory Fitness,ORANGETHEORY FITNESS,Orange Theory Fitness West Lafayette,ORANGETHEORY FITNESS,Chain Rule,TRUE,8
Orangetheory Fitness,ORANGETHEORY FITNESS,Orange Theory West Carmel- Zionsville,ORANGETHEORY FITNESS,Chain Rule,TRUE,8
Orangetheory Fitness,ORANGETHEORY FITNESS,Orangetheory Fitness,ORANGETHEORY FITNESS,Chain Rule,TRUE,8
Orangetheory Fitness,ORANGETHEORY FITNESS,Orangetheory Fitness Broad Ripple,ORANGETHEORY FITNESS,Chain Rule,TRUE,8
Orangetheory Fitness,ORANGETHEORY FITNESS,Orangetheory Fitness Fishers Geist,ORANGETHEORY FITNESS,Chain Rule,TRUE,8
Orangetheory Fitness,ORANGETHEORY FITNESS,Orangetheory Fitness Nickle Plate,ORANGETHEORY FITNESS,Chain Rule,TRUE,8
Orangetheory Fitness,ORANGETHEORY FITNESS,Orangetheory Fitness Noblesville,ORANGETHEORY FITNESS,Chain Rule,TRUE,8
Otc Industrial Technologies,OTC INDUSTRIAL TECHNOLOGIES,Otc Industrial Technologies C/O Otc,OTC INDUSTRIAL TECHNOLOGIES,C/O Strip,FALSE,1
Overberg Construction,OVERBERG CONSTRUCTION,Overberg Construction,OVERBERG CONSTRUCTION,Merge,TRUE,2
Overberg Construction,OVERBERG CONSTRUCTION,Overberg Construction,OVERBERG CONSTRUCTION,Merge,TRUE,2
Owen County Fiscal Court,OWEN COUNTY FISCAL COURT,Owen County,(Override),Manual Override,TRUE,2
Owen County Fiscal Court,OWEN COUNTY FISCAL COURT,Owen County Fiscal Court,OWEN COUNTY FISCAL COURT,Merge,TRUE,2
Pacific Manufacturing Ohio,PACIFIC MANUFACTURING OHIO,Pacific Manufacturing Ohio,PACIFIC MANUFACTURING OHIO,Merge,TRUE,2
Pacific Manufacturing Ohio,PACIFIC MANUFACTURING OHIO,Pacific Manufacturing Ohio,PACIFIC MANUFACTURING OHIO,Merge,TRUE,2
Paris Independent Schools,PARIS INDEPENDENT SCHOOLS,Paris Independent Schools,PARIS INDEPENDENT SCHOOLS,Merge,TRUE,2
Paris Independent Schools,PARIS INDEPENDENT SCHOOLS,Paris Independent Schools,PARIS INDEPENDENT SCHOOLS,Merge,TRUE,2
Pcl Construction Services,PCL CONSTRUCTION SERVICES,"Pcl Construction Services, Inc.",PCL CONSTRUCTION SERVICES,Merge,TRUE,2
Pcl Construction Services,PCL CONSTRUCTION SERVICES,"Pcl Construction Services, Inc.",PCL CONSTRUCTION SERVICES,Merge,TRUE,2
Peaslee Neighborhood Center,PEASLEE NEIGHBORHOOD CENTER,Peaslee Neighborhood Center,PEASLEE NEIGHBORHOOD CENTER,Merge,TRUE,2
Peaslee Neighborhood Center,PEASLEE NEIGHBORHOOD CENTER,Peaslee Neighborhood Center,PEASLEE NEIGHBORHOOD CENTER,Merge,TRUE,2
Penske Truck Leasing,PENSKE TRUCK LEASING,Penske Truck Leasing,PENSKE TRUCK LEASING,Merge,TRUE,2
Penske Truck Leasing,PENSKE TRUCK LEASING,Penske Truck Leasing,PENSKE TRUCK LEASING,Merge,TRUE,2
Perfection Group,PERFECTION GROUP,Perfection Group,PERFECTION GROUP,Merge,TRUE,11
Perfection Group,PERFECTION GROUP,Perfection Group,PERFECTION GROUP,Merge,TRUE,11
Perfection Group,PERFECTION GROUP,Perfection Mechanical,PERFECTION MECHANICAL,"Fuzzy Merge, Master Merge Override",TRUE,11
Perfection Group,PERFECTION GROUP,"Perfection Service, Cincinnati",PERFECTION SERVICES,"Fuzzy Merge, Master Merge Override",TRUE,11
Perfection Group,PERFECTION GROUP,"Perfection Service, Louisville",PERFECTION SERVICES,"Fuzzy Merge, Master Merge Override",TRUE,11
Perfection Group,PERFECTION GROUP,Perfection Services Columbus,PERFECTION SERVICES,"Fuzzy Merge, Master Merge Override",TRUE,11
Perfection Group,PERFECTION GROUP,Perfection Services Indiana,PERFECTION SERVICES,"Fuzzy Merge, Master Merge Override",TRUE,11
Perfection Group,PERFECTION GROUP,Perfection Services Of Dayton,PERFECTION SERVICES,"Fuzzy Merge, Master Merge Override",TRUE,11
Perfection Group,PERFECTION GROUP,"Perfection Services, Tennessee",PERFECTION SERVICES,"Fuzzy Merge, Master Merge Override",TRUE,11
Perfection Group,PERFECTION GROUP,"Perfection Services, Wv",PERFECTION SERVICES,"Fuzzy Merge, Master Merge Override",TRUE,11
Perfection Group,PERFECTION GROUP,"Perfection Services,Central Ky",PERFECTION SERVICES,"Fuzzy Merge, Master Merge Override",TRUE,11
Performance Place Group,PERFORMANCE PLACE GROUP,Performance Place Group C/O Turner Properties,PERFORMANCE PLACE GROUP,C/O Strip,FALSE,1
Pikeville College,PIKEVILLE COLLEGE,Pikeville College,PIKEVILLE COLLEGE,Merge,TRUE,2
Pikeville College,PIKEVILLE COLLEGE,Pikeville College,PIKEVILLE COLLEGE,Merge,TRUE,2
Pnc Bank,PNC BANK,Pnc Bank,PNC BANK,Chain Rule,TRUE,3
Pnc Bank,PNC BANK,Pnc Bank National Association,PNC BANK,Chain Rule,TRUE,3
Pnc Bank,PNC BANK,Pnc Realty Services,PNC BANK,Chain Rule,TRUE,3
Pnk Ohio Dba Belterra Park,PNK OHIO DBA BELTERRA PARK,Pnk Ohio Dba Belterra Park,PNK OHIO DBA BELTERRA PARK,Merge,TRUE,2
Pnk Ohio Dba Belterra Park,PNK OHIO DBA BELTERRA PARK,Pnk Ohio Dba Belterra Park,PNK OHIO DBA BELTERRA PARK,Merge,TRUE,2
Point Blank Range and Gunshop,POINT BLANK RANGE AND GUNSHOP,Point Blank Range & Gun Shop,POINT BLANK RANGE AND GUN SHOP,Fuzzy Merge,TRUE,3
Point Blank Range and Gunshop,POINT BLANK RANGE AND GUNSHOP,Point Blank Range & Gunshop,POINT BLANK RANGE AND GUNSHOP,Merge,TRUE,3
Point Blank Range and Gunshop,POINT BLANK RANGE AND GUNSHOP,Point Blank Range & Gunshop,POINT BLANK RANGE AND GUNSHOP,Merge,TRUE,3
Powell County Fiscal Court,POWELL COUNTY FISCAL COURT,Powell County Fiscal Court,(Override),Manual Override,TRUE,2
Powell County Fiscal Court,POWELL COUNTY FISCAL COURT,Powell County Fiscal Court,(Override),Manual Override,TRUE,2
Ppa Castle Creek I and II LP,PPA CASTLE CREEK I AND II LP,"Ppa Castle Creek I & Ii, Lp C/O Bradley Company",PPA CASTLE CREEK I AND II LP,C/O Strip,FALSE,1
Pratt Industries,PRATT INDUSTRIES,Pratt Industries,PRATT INDUSTRIES,Merge,TRUE,2
Pratt Industries,PRATT INDUSTRIES,Pratt Industries,PRATT INDUSTRIES,Merge,TRUE,2
Precision Construction Management,PRECISION CONSTRUCTION MANAGEMENT,Precision Construction Management,PRECISION CONSTRUCTION MANAGEMENT,Merge,TRUE,2
Precision Construction Management,PRECISION CONSTRUCTION MANAGEMENT,Precision Construction Management Llc,PRECISION CONSTRUCTION MANAGEMENT,Merge,TRUE,2
Providence Commercial Real Estate,PROVIDENCE COMMERCIAL REAL ESTATE,Cornerstone Owners Association C/O Providence Commercial Real,CORNERSTONE OWNERS ASSOCIATION,C/O Swap (Right Side Chain),TRUE,5
Providence Commercial Real Estate,PROVIDENCE COMMERCIAL REAL ESTATE,Providence Commercial Real Estate C/O Pediatric Associates Of Kn,PROVIDENCE COMMERCIAL REAL ESTATE,"C/O Strip, Chain Rule",TRUE,5
Providence Commercial Real Estate,PROVIDENCE COMMERCIAL REAL ESTATE,Providence Commercial Real Estate C/O Rm Development Llc,PROVIDENCE COMMERCIAL REAL ESTATE,"C/O Strip, Chain Rule",TRUE,5
Providence Commercial Real Estate,PROVIDENCE COMMERCIAL REAL ESTATE,Providence Commercial Real Estate C/O Rodefer Moss & Co Pllc,PROVIDENCE COMMERCIAL REAL ESTATE,"C/O Strip, Chain Rule",TRUE,5
Providence Commercial Real Estate,PROVIDENCE COMMERCIAL REAL ESTATE,Providence Commercial Real Estate C/O The Offices At Waters Edge,PROVIDENCE COMMERCIAL REAL ESTATE,"C/O Strip, Chain Rule",TRUE,5
Prudent Ventures,PRUDENT VENTURES,Prudent Ventures Llc C/O Horizon Commerical Realty,PRUDENT VENTURES,C/O Strip,FALSE,1
Pulaski County Fiscal Court,PULASKI COUNTY FISCAL COURT,Pulaski County Fiscal Court,PULASKI COUNTY FISCAL COURT,Merge,TRUE,2
Pulaski County Fiscal Court,PULASKI COUNTY FISCAL COURT,Pulaski County Fiscal Court,PULASKI COUNTY FISCAL COURT,Merge,TRUE,2
Pyramids Park Properties,PYRAMIDS PARK PROPERTIES,Pyramids Park Properties Llc C/O Kennmar Llc,PYRAMIDS PARK PROPERTIES,C/O Strip,FALSE,1
Radius Construction,RADIUS CONSTRUCTION,Radius Construction,RADIUS CONSTRUCTION,Merge,TRUE,2
Radius Construction,RADIUS CONSTRUCTION,Radius Construction Co Inc,RADIUS CONSTRUCTION,C/O Strip,TRUE,2
Raleigh General Hospital,RALEIGH GENERAL HOSPITAL,Raleigh General Hospital C/O Jones Lang Lasalle Americas Inc,RALEIGH GENERAL HOSPITAL,C/O Strip,FALSE,1
Real Estate Place Council of,REAL ESTATE PLACE COUNCIL OF,Real Estate Place Council Of Co Owners,REAL ESTATE PLACE COUNCIL OF,C/O Strip,FALSE,1
Regency,REGENCY,Regency,REGENCY,Merge,TRUE,2
Regency,REGENCY,The Regency,REGENCY,Merge,TRUE,2
Rh Sinclair Construction,RH SINCLAIR CONSTRUCTION,R.H. Sinclair Construction Co. Inc.,RH SINCLAIR CONSTRUCTION,Merge,TRUE,2
Rh Sinclair Construction,RH SINCLAIR CONSTRUCTION,Rh Sinclair Construction,RH SINCLAIR CONSTRUCTION,Merge,TRUE,2
Ryans All Glass,RYANS ALL GLASS,Ryan'S All Glass,RYANS ALL GLASS,Merge,TRUE,2
Ryans All Glass,RYANS ALL GLASS,Ryan'S All Glass,RYANS ALL GLASS,Merge,TRUE,2
Saint James Episcopal Church,SAINT JAMES EPISCOPAL CHURCH,Saint James Episcopal Church,SAINT JAMES EPISCOPAL CHURCH,Merge,TRUE,2
Saint James Episcopal Church,SAINT JAMES EPISCOPAL CHURCH,Saint James Episcopal Church,SAINT JAMES EPISCOPAL CHURCH,Merge,TRUE,2
Samuel Adams Brewing,SAMUEL ADAMS BREWING,Samuel Adams Brewing Co Ltd C/O The Boston Beer Company,SAMUEL ADAMS BREWING,C/O Strip,FALSE,1
Satco,SATCO,Satco,SATCO,Merge,TRUE,2
Satco,SATCO,Satco,SATCO,Merge,TRUE,2
Schaad Companies,SCHAAD COMPANIES,"Schaad Commercial Investments, Sci",(Override),Manual Override,TRUE,2
Schaad Companies,SCHAAD COMPANIES,Schaad Companies,(Override),Manual Override,TRUE,2
Sci,SCI,Sci C/O Nai Koella Rm Moore,SCI,C/O Strip,FALSE,1
Scos,SCOS,Scos C/O Nai,SCOS,C/O Strip,FALSE,1
Service Wholesale,SERVICE WHOLESALE,Service Wholesale Inc.,SERVICE WHOLESALE,Merge,TRUE,2
Service Wholesale,SERVICE WHOLESALE,"Service Wholesale, Inc",SERVICE WHOLESALE,Merge,TRUE,2
Shoot Point Blank,SHOOT POINT BLANK,Shoot Point Blank,SHOOT POINT BLANK,Merge,TRUE,2
Shoot Point Blank,SHOOT POINT BLANK,Shoot Point Blank,SHOOT POINT BLANK,Merge,TRUE,2
Silco Fire and Security,SILCO FIRE AND SECURITY,Silco Fire & Security Cincinnati,SILCO FIRE AND SECURITY CINCINNATI,"Fuzzy Merge, Master Merge Override",TRUE,2
Silco Fire and Security,SILCO FIRE AND SECURITY,Silco Fire And Security - Centerville,SILCO FIRE AND SECURITY CENTERVILLE,"Fuzzy Merge, Master Merge Override",TRUE,2
South Coast Managment,SOUTH COAST MANAGMENT,South Coast Managment Llc C/O Karch'S Crossing,SOUTH COAST MANAGMENT,C/O Strip,FALSE,1
Southern Tennesee Regional,SOUTHERN TENNESEE REGIONAL,South Tn Regional Pulaski C/O Jones Lang Lasalle Americas Inc,(Override),Manual Override,TRUE,4
Southern Tennesee Regional,SOUTHERN TENNESEE REGIONAL,South Tn Regional Pulaski C/O Jones Lang Lasalle Americas Inc,(Override),Manual Override,TRUE,4
Southern Tennesee Regional,SOUTHERN TENNESEE REGIONAL,South Tn Regional Pulaski C/O Jones Lang Lasalle Americas Inc,(Override),Manual Override,TRUE,4
Southern Tennesee Regional,SOUTHERN TENNESEE REGIONAL,South Tn Regional Sewanee C/O Jones Lang Lasalle Americas Inc,(Override),Manual Override,TRUE,4
St Agnes Church,ST AGNES CHURCH,St Agnes Church,ST AGNES CHURCH,Merge,TRUE,2
St Agnes Church,ST AGNES CHURCH,St. Agnes Church,ST AGNES CHURCH,Merge,TRUE,2
Sun Chemical,SUN CHEMICAL,Sun Chemical Corp,(Override),Manual Override,TRUE,3
Sun Chemical,SUN CHEMICAL,"Sun Chemical Corp, Franklin",(Override),Manual Override,TRUE,3
Sun Chemical,SUN CHEMICAL,Sun Chemicals Corp,(Override),Manual Override,TRUE,3
Swaggertys Sausage,SWAGGERTYS SAUSAGE,Swaggertys Sausage Co Inc,SWAGGERTYS SAUSAGE,C/O Strip,FALSE,1
Target,TARGET,Target Management & Leasing Inc,TARGET,Chain Rule,TRUE,2
Target,TARGET,The Target Group,TARGET,Chain Rule,TRUE,2
Tgt Transportation,TGT TRANSPORTATION,Tgt Transportation,TGT TRANSPORTATION,Merge,TRUE,2
Tgt Transportation,TGT TRANSPORTATION,Tgt Transportation,TGT TRANSPORTATION,Merge,TRUE,2
The Christ Hospital,THE CHRIST HOSPITAL,The Christ Hospital,(Override),Manual Override,FALSE,1
Thermal Care,THERMAL CARE,Thermal Care Inc C/O Pgna Inc,THERMAL CARE,C/O Strip,FALSE,1
Thyssenkrupp Bilstein,THYSSENKRUPP BILSTEIN,Thyssenkrupp Bilstein,(Override),Manual Override,TRUE,2
Thyssenkrupp Bilstein,THYSSENKRUPP BILSTEIN,Thyssenkrupp Bilstein Of America,(Override),Manual Override,TRUE,2
Tipton Interest,TIPTON INTEREST,Tipton Interest Inc,TIPTON INTEREST,Merge,TRUE,2
Tipton Interest,TIPTON INTEREST,Tipton Interests,TIPTON INTERESTS,Fuzzy Merge,TRUE,2
Tower Condominiums,TOWER CONDOMINIUMS,Tower Condominiums C/O Stanton Group,TOWER CONDOMINIUMS,C/O Strip,FALSE,1
Towne Properties,TOWNE PROPERTIES,Towne Management,(Override),Manual Override,TRUE,3
Towne Properties,TOWNE PROPERTIES,Towne Prop Asset Mgmnt Company,(Override),Manual Override,TRUE,3
Towne Properties,TOWNE PROPERTIES,Towne Properties - Park Place At Lytle,(Override),Manual Override,TRUE,3
Toyota Tsusho,TOYOTA TSUSHO,Toyota Tsusho,TOYOTA TSUSHO,Merge,TRUE,2
Toyota Tsusho,TOYOTA TSUSHO,"Toyota Tsusho Nexty Electronics America, Inc. (Ttnea)",TOYOTA TSUSHO NEXTY ELECTRONICS AMERICA TTNEA,"Fuzzy Merge, Master Merge Override",TRUE,2
Tradelane Properties,TRADELANE PROPERTIES,Tradelane Properties,TRADELANE PROPERTIES,Merge,TRUE,2
Tradelane Properties,TRADELANE PROPERTIES,Tradelane Properties,TRADELANE PROPERTIES,Merge,TRUE,2
Trane,TRANE,Trane,(Override),Manual Override,TRUE,5
Trane,TRANE,Trane,(Override),Manual Override,TRUE,5
Trane,TRANE,Trane - La Crosse Claims Dept,(Override),Manual Override,TRUE,5
Trane,TRANE,Trane Company,(Override),Manual Override,TRUE,5
Trane,TRANE,"Trane Us, Inc",(Override),Manual Override,TRUE,5
Trilogy Health Services,TRILOGY HEALTH SERVICES,Trilogy Health Services,(Override),Manual Override,TRUE,3
Trilogy Health Services,TRILOGY HEALTH SERVICES,"Trilogy Healthcare Of Lancaster, Llc D/B/A The Springs At Wyando",(Override),Manual Override,TRUE,3
Trilogy Health Services,TRILOGY HEALTH SERVICES,Trilogy Healthecare Of Hilliard Llc,(Override),Manual Override,TRUE,3
Tuff Torq,TUFF TORQ,Tuff Torq - Residence,TUFF TORQ RESIDENCE,"Fuzzy Merge, Master Merge Override",TRUE,2
Tuff Torq,TUFF TORQ,Tuff Torq Corporation,TUFF TORQ,Merge,TRUE,2
UPS,UPS,Ups Supply Chain Solutions,UPS,Chain Rule,TRUE,2
UPS,UPS,Upstream Rehilbilitation,UPS,Chain Rule,TRUE,2
Ugn,UGN,Ugn,UGN,Merge,TRUE,3
Ugn,UGN,Ugn Inc,UGN,Merge,TRUE,3
Ugn,UGN,Ugn Inc.,UGN,Merge,TRUE,3
Uhaul,UHAUL,Uhaul Co Of Kentucky,UHAUL,C/O Strip,FALSE,1
Unifirst,UNIFIRST,Unifirst Corporation,UNIFIRST,Merge,TRUE,2
Unifirst,UNIFIRST,Unifirst Corporation,UNIFIRST,Merge,TRUE,2
Union Station,UNION STATION,Union Station C/O Kennmar,UNION STATION,C/O Strip,FALSE,1
Usui International,USUI INTERNATIONAL,Usui International,USUI INTERNATIONAL,Merge,TRUE,2
Usui International,USUI INTERNATIONAL,"Usui International, Corp",USUI INTERNATIONAL,Merge,TRUE,2
Wall Street Partners II,WALL STREET PARTNERS II,Wall Street Partners Ii Llc C/O Haymaker Property Mgt,WALL STREET PARTNERS II,C/O Strip,FALSE,1
Walmart,WALMART,Wal-Mart,WALMART,Chain Rule,TRUE,16
Walmart,WALMART,Walmart - Truck Shop,WALMART,Chain Rule,TRUE,16
Walmart,WALMART,Walmart Dc Ind3,WALMART,Chain Rule,TRUE,16
Walmart,WALMART,Walmart Dc6017,WALMART,Chain Rule,TRUE,16
Walmart,WALMART,Walmart Distribution Center,WALMART,Chain Rule,TRUE,16
Walmart,WALMART,Walmart Distribution Center,WALMART,Chain Rule,TRUE,16
Walmart,WALMART,Walmart Distribution Center,WALMART,Chain Rule,TRUE,16
Walmart,WALMART,Wal-Mart Distribution Center - Shelbyville,WALMART,Chain Rule,TRUE,16
Walmart,WALMART,Walmart Fc 3968,WALMART,Chain Rule,TRUE,16
Walmart,WALMART,Walmart Fc 7520 Ind2,WALMART,Chain Rule,TRUE,16
Walmart,WALMART,Walmart Fc4124 Bna1 Maintenance,WALMART,Chain Rule,TRUE,16
Walmart,WALMART,Walmart Fulfillment Center 3968,WALMART,Chain Rule,TRUE,16
Walmart,WALMART,Walmart Ind1,WALMART,Chain Rule,TRUE,16
Walmart,WALMART,Walmart Return Center 9193,WALMART,Chain Rule,TRUE,16
Walmart,WALMART,Walmart Stores Inc,WALMART,Chain Rule,TRUE,16
Walmart,WALMART,Walmart Transportation,WALMART,Chain Rule,TRUE,16
We Oneil Construction,WE ONEIL CONSTRUCTION,We O'Neil Construction Co Of Tennessee,WE ONEIL CONSTRUCTION,C/O Strip,FALSE,1
Welltower,WELLTOWER,Welltower,WELLTOWER,Chain Rule,TRUE,6
Welltower,WELLTOWER,Welltower,WELLTOWER,Chain Rule,TRUE,6
Welltower,WELLTOWER,Welltower Inc,WELLTOWER,Chain Rule,TRUE,6
Welltower,WELLTOWER,Welltower Inc - Bu#39040101,WELLTOWER,Chain Rule,TRUE,6
Welltower,WELLTOWER,Welltower Om Group Llc C/O Meadows & Ohly Llc,WELLTOWER,"C/O Strip, Chain Rule",TRUE,6
Welltower,WELLTOWER,"Welltower, Inc",WELLTOWER,Chain Rule,TRUE,6
Wesley Village,WESLEY VILLAGE,Wesley Village,WESLEY VILLAGE,Merge,TRUE,2
Wesley Village,WESLEY VILLAGE,Wesley Village,WESLEY VILLAGE,Merge,TRUE,2
Whitewater Crossing Church,WHITEWATER CROSSING CHURCH,Whitewater Crossing Church,WHITEWATER CROSSING CHURCH,Merge,TRUE,2
Whitewater Crossing Church,WHITEWATER CROSSING CHURCH,Whitewater Crossing Church,WHITEWATER CROSSING CHURCH,Merge,TRUE,2
Windsor Square,WINDSOR SQUARE,"Windsor Square, Llc C/O Southern Management And Development",WINDSOR SQUARE,C/O Strip,FALSE,1
Wittenberg University,WITTENBERG UNIVERSITY,Wittenberg University,WITTENBERG UNIVERSITY,Merge,TRUE,2
Wittenberg University,WITTENBERG UNIVERSITY,Wittenberg University,WITTENBERG UNIVERSITY,Merge,TRUE,2
Woodford County Fiscal Court,WOODFORD COUNTY FISCAL COURT,Woodford County Detention Center,(Override),Manual Override,TRUE,3
Woodford County Fiscal Court,WOODFORD COUNTY FISCAL COURT,Woodford County Fiscal Court,(Override),Manual Override,TRUE,3
Woodford County Fiscal Court,WOODFORD COUNTY FISCAL COURT,Woodford County Judge Executive,(Override),Manual Override,TRUE,3
Woodward Construction,WOODWARD CONSTRUCTION,Woodward Construction,WOODWARD CONSTRUCTION,Merge,TRUE,2
Woodward Construction,WOODWARD CONSTRUCTION,Woodward Construction Inc,WOODWARD CONSTRUCTION,Merge,TRUE,2
Zionsville Realty Partners,ZIONSVILLE REALTY PARTNERS,Zionsville Realty Partners,(Override),Manual Override,TRUE,2
Zionsville Realty Partners,ZIONSVILLE REALTY PARTNERS,Zionsville Realty Partners Llc C/O Cushman & Wakefield,(Override),Manual Override,TRUE,2
